pair_id,resume_id,job_id,label,label_encoded,tfidf_cosine_similarity,resume_skill_count,job_skill_count,matching_skill_count,missing_skill_count,skill_jaccard_similarity,skill_coverage_ratio,resume_has_experience,resume_has_education,resume_has_projects,resume_has_skills,resume_has_certifications,job_has_experience,job_has_education,job_has_projects,job_has_skills,job_has_certifications,section_match_score,resume_char_count,job_char_count,resume_word_count,job_word_count,word_count_ratio
PAIR_0001,RES_SOF_0001,JOB_SOF_0006,MEDIUM,1,0.10958379372089261,8,4,3,1,0.3333333333333333,0.75,1,0,0,1,0,1,0,0,0,0,1,180,128,26,20,1.299999350000325
PAIR_0002,RES_SOF_0001,JOB_SOF_0007,HIGH,2,0.32484469741599575,8,3,3,0,0.375,1.0,1,0,0,1,0,1,0,0,0,0,1,180,124,26,21,1.238094648526358
PAIR_0003,RES_SOF_0001,JOB_DEV_0089,LOW,0,0.019230936788682436,8,4,1,3,0.09090909090909091,0.25,1,0,0,1,0,0,0,0,1,0,1,180,132,26,18,1.4444436419757545
PAIR_0011,RES_SOF_0005,JOB_SOF_0006,LOW,0,0.10958379372089261,8,4,3,1,0.3333333333333333,0.75,1,0,0,1,0,1,0,0,0,0,1,180,128,26,20,1.299999350000325
PAIR_0012,RES_SOF_0005,JOB_SOF_0007,HIGH,2,0.32484469741599575,8,3,3,0,0.375,1.0,1,0,0,1,0,1,0,0,0,0,1,180,124,26,21,1.238094648526358
PAIR_0013,RES_SOF_0005,JOB_WEB_0044,LOW,0,0.07628289574035621,8,6,0,6,0.0,0.0,1,0,0,1,0,1,0,0,0,0,1,180,148,26,21,1.238094648526358
PAIR_0014,RES_SOF_0006,JOB_SOF_0020,MEDIUM,1,0.13293520537549863,3,4,1,3,0.16666666666666666,0.25,0,0,0,0,0,1,0,0,0,0,0,177,129,23,20,1.1499994250002876
PAIR_0015,RES_SOF_0006,JOB_SOF_0021,MEDIUM,1,0.0654858183746217,3,3,1,2,0.2,0.3333333333333333,0,0,0,0,0,1,0,0,0,0,0,177,125,23,21,1.0952375736963935
PAIR_0021,RES_SOF_0009,JOB_SOF_0002,LOW,0,0.10958379372089261,8,4,3,1,0.3333333333333333,0.75,1,0,0,1,0,1,0,0,0,0,1,180,128,26,20,1.299999350000325
PAIR_0022,RES_SOF_0009,JOB_SOF_0003,HIGH,2,0.32484469741599575,8,3,3,0,0.375,1.0,1,0,0,1,0,1,0,0,0,0,1,180,124,26,21,1.238094648526358
PAIR_0023,RES_SOF_0009,JOB_QA _0118,LOW,0,0.005896398876826381,8,4,0,4,0.0,0.0,1,0,0,1,0,0,0,0,0,0,0,180,146,26,20,1.299999350000325
PAIR_0024,RES_SOF_0010,JOB_SOF_0002,MEDIUM,1,0.1402327007385935,3,4,1,3,0.16666666666666666,0.25,0,0,0,0,0,1,0,0,0,0,0,178,128,23,20,1.1499994250002876
PAIR_0025,RES_SOF_0010,JOB_SOF_0003,MEDIUM,1,0.07274725194942663,3,3,1,2,0.2,0.3333333333333333,0,0,0,0,0,1,0,0,0,0,0,178,124,23,21,1.0952375736963935
PAIR_0029,RES_SOF_0012,JOB_SOF_0021,MEDIUM,1,0.1026319995838903,6,3,1,2,0.125,0.3333333333333333,1,0,0,0,0,1,0,0,0,0,1,167,125,24,21,1.142856598639715
PAIR_0030,RES_SOF_0012,JOB_SOF_0022,HIGH,2,0.16673863006694795,6,4,4,0,0.6666666666666666,1.0,1,0,0,0,0,1,0,0,0,0,1,167,129,24,20,1.1999994000003
PAIR_0031,RES_SOF_0013,JOB_SOF_0019,HIGH,2,0.262890074736846,8,3,3,0,0.375,1.0,1,0,0,1,0,1,0,0,0,0,1,181,125,26,21,1.238094648526358
PAIR_0032,RES_SOF_0013,JOB_SOF_0020,LOW,0,0.09010081653097554,8,4,3,1,0.3333333333333333,0.75,1,0,0,1,0,1,0,0,0,0,1,181,129,26,20,1.299999350000325
PAIR_0033,RES_SOF_0013,JOB_WEB_0035,LOW,0,0.01579998119540489,8,5,0,5,0.0,0.0,1,0,0,1,0,0,0,0,1,0,1,181,115,26,15,1.7333321777785482
PAIR_0034,RES_SOF_0014,JOB_SOF_0001,MEDIUM,1,0.07216575580048665,3,3,1,2,0.2,0.3333333333333333,0,0,0,0,0,1,0,0,0,0,0,178,124,23,21,1.0952375736963935
PAIR_0035,RES_SOF_0014,JOB_SOF_0002,MEDIUM,1,0.13911176801261732,3,4,1,3,0.16666666666666666,0.25,0,0,0,0,0,1,0,0,0,0,0,178,128,23,20,1.1499994250002876
PAIR_0036,RES_SOF_0015,JOB_SOF_0014,LOW,0,0.046607381511265235,2,4,1,3,0.2,0.25,1,0,1,0,0,1,0,0,0,0,1,170,129,25,20,1.2499993750003124
PAIR_0037,RES_SOF_0015,JOB_SOF_0015,LOW,0,0.27397391341599076,2,3,1,2,0.25,0.3333333333333333,1,0,1,0,0,1,0,0,0,0,1,170,125,25,21,1.1904756235830365
PAIR_0038,RES_SOF_0015,JOB_DAT_0052,LOW,0,0.007529947960237186,2,3,0,3,0.0,0.0,1,0,1,0,0,1,0,0,0,0,1,170,130,25,17,1.4705873702427235
PAIR_0041,RES_SOF_0017,JOB_SOF_0019,HIGH,2,0.2736725072248675,8,3,3,0,0.375,1.0,1,0,0,1,0,1,0,0,0,0,1,181,125,26,21,1.238094648526358
PAIR_0042,RES_SOF_0017,JOB_SOF_0020,LOW,0,0.11913374601895393,8,4,3,1,0.3333333333333333,0.75,1,0,0,1,0,1,0,0,0,0,1,181,129,26,20,1.299999350000325
PAIR_0043,RES_SOF_0017,JOB_DAT_0067,LOW,0,0.012751623538743666,8,4,0,4,0.0,0.0,1,0,0,1,0,0,0,0,1,0,1,181,119,26,17,1.5294108650524323
PAIR_0046,RES_SOF_0019,JOB_SOF_0009,LOW,0,0.11969772716642225,2,3,1,2,0.25,0.3333333333333333,1,0,1,0,0,1,0,0,0,0,1,170,124,25,21,1.1904756235830365
PAIR_0047,RES_SOF_0019,JOB_SOF_0010,LOW,0,0.04782660980077647,2,4,1,3,0.2,0.25,1,0,1,0,0,1,0,0,0,0,1,170,129,25,20,1.2499993750003124
PAIR_0048,RES_SOF_0019,JOB_QA _0113,LOW,0,0.021128225962628235,2,4,1,3,0.2,0.25,1,0,1,0,0,0,0,0,1,0,0,170,126,25,19,1.3157887811637994
PAIR_0049,RES_SOF_0020,JOB_SOF_0022,HIGH,2,0.16751143133795798,6,4,4,0,0.6666666666666666,1.0,1,0,0,0,0,1,0,0,0,0,1,167,129,24,20,1.1999994000003
PAIR_0050,RES_SOF_0020,JOB_SOF_0023,MEDIUM,1,0.10610292295494606,6,3,1,2,0.125,0.3333333333333333,1,0,0,0,0,1,0,0,0,0,1,167,125,24,21,1.142856598639715
PAIR_0054,RES_SOF_0022,JOB_SOF_0006,MEDIUM,1,0.1402327007385935,3,4,1,3,0.16666666666666666,0.25,0,0,0,0,0,1,0,0,0,0,0,178,128,23,20,1.1499994250002876
PAIR_0055,RES_SOF_0022,JOB_SOF_0007,MEDIUM,1,0.07274725194942665,3,3,1,2,0.2,0.3333333333333333,0,0,0,0,0,1,0,0,0,0,0,178,124,23,21,1.0952375736963935
PAIR_0056,RES_SOF_0023,JOB_SOF_0011,LOW,0,0.10473498004780821,2,3,1,2,0.25,0.3333333333333333,1,0,1,0,0,1,0,0,0,0,1,170,125,25,21,1.1904756235830365
PAIR_0057,RES_SOF_0023,JOB_SOF_0012,LOW,0,0.04715313861344694,2,4,1,3,0.2,0.25,1,0,1,0,0,1,0,0,0,0,1,170,129,25,20,1.2499993750003124
PAIR_0058,RES_SOF_0023,JOB_WEB_0043,LOW,0,0.011030672143228611,2,5,0,5,0.0,0.0,1,0,1,0,0,0,0,0,1,0,0,170,115,25,15,1.6666655555562964
PAIR_0059,RES_SOF_0024,JOB_SOF_0003,MEDIUM,1,0.11977536733027638,6,3,1,2,0.125,0.3333333333333333,1,0,0,0,0,1,0,0,0,0,1,167,124,24,21,1.142856598639715
PAIR_0060,RES_SOF_0024,JOB_SOF_0004,HIGH,2,0.18419813904746224,6,4,4,0,0.6666666666666666,1.0,1,0,0,0,0,1,0,0,0,0,1,167,128,24,20,1.1999994000003
PAIR_0061,RES_SOF_0025,JOB_SOF_0013,HIGH,2,0.2591588581863911,8,3,3,0,0.375,1.0,1,0,0,1,0,1,0,0,0,0,1,181,125,26,21,1.238094648526358
PAIR_0062,RES_SOF_0025,JOB_SOF_0014,LOW,0,0.09025612814700863,8,4,3,1,0.3333333333333333,0.75,1,0,0,1,0,1,0,0,0,0,1,181,129,26,20,1.299999350000325
PAIR_0063,RES_SOF_0025,JOB_QA _0119,LOW,0,0.01916228099599404,8,4,1,3,0.09090909090909091,0.25,1,0,0,1,0,0,0,0,1,0,1,181,126,26,19,1.3684203324103514
PAIR_0064,RES_SOF_0026,JOB_SOF_0014,MEDIUM,1,0.12431233686888574,3,4,1,3,0.16666666666666666,0.25,0,0,0,0,0,1,0,0,0,0,0,178,129,23,20,1.1499994250002876
PAIR_0065,RES_SOF_0026,JOB_SOF_0015,MEDIUM,1,0.06286794732946605,3,3,1,2,0.2,0.3333333333333333,0,0,0,0,0,1,0,0,0,0,0,178,125,23,21,1.0952375736963935
PAIR_0069,RES_SOF_0028,JOB_SOF_0016,HIGH,2,0.16166631552126198,6,4,4,0,0.6666666666666666,1.0,1,0,0,0,0,1,0,0,0,0,1,167,129,24,20,1.1999994000003
PAIR_0070,RES_SOF_0028,JOB_SOF_0017,MEDIUM,1,0.10887273574665832,6,3,1,2,0.125,0.3333333333333333,1,0,0,0,0,1,0,0,0,0,1,167,125,24,21,1.142856598639715
PAIR_0076,RES_SOF_0031,JOB_SOF_0010,LOW,0,0.04756386270838778,2,4,1,3,0.2,0.25,1,0,1,0,0,1,0,0,0,0,1,170,129,25,20,1.2499993750003124
PAIR_0077,RES_SOF_0031,JOB_SOF_0011,LOW,0,0.10452114102478503,2,3,1,2,0.25,0.3333333333333333,1,0,1,0,0,1,0,0,0,0,1,170,125,25,21,1.1904756235830365
PAIR_0078,RES_SOF_0031,JOB_WEB_0033,LOW,0,0.011063366300117155,2,5,0,5,0.0,0.0,1,0,1,0,0,0,0,0,1,0,0,170,115,25,15,1.6666655555562964
PAIR_0079,RES_SOF_0032,JOB_SOF_0011,MEDIUM,1,0.1066383326518848,6,3,1,2,0.125,0.3333333333333333,1,0,0,0,0,1,0,0,0,0,1,167,125,24,21,1.142856598639715
PAIR_0080,RES_SOF_0032,JOB_SOF_0012,HIGH,2,0.16726967844075455,6,4,4,0,0.6666666666666666,1.0,1,0,0,0,0,1,0,0,0,0,1,167,129,24,20,1.1999994000003
PAIR_0081,RES_SOF_0033,JOB_SOF_0008,LOW,0,0.102620858104413,8,4,3,1,0.3333333333333333,0.75,1,0,0,1,0,1,0,0,0,0,1,181,128,26,20,1.299999350000325
PAIR_0082,RES_SOF_0033,JOB_SOF_0009,HIGH,2,0.3042041205874247,8,3,3,0,0.375,1.0,1,0,0,1,0,1,0,0,0,0,1,181,124,26,21,1.238094648526358
PAIR_0083,RES_SOF_0033,JOB_DAT_0069,LOW,0,0.01247577845025169,8,4,0,4,0.0,0.0,1,0,0,1,0,0,0,0,1,0,1,181,119,26,17,1.5294108650524323
PAIR_0084,RES_SOF_0034,JOB_SOF_0019,MEDIUM,1,0.06438545664433379,3,3,1,2,0.2,0.3333333333333333,0,0,0,0,0,1,0,0,0,0,0,178,125,23,21,1.0952375736963935
PAIR_0085,RES_SOF_0034,JOB_SOF_0020,MEDIUM,1,0.12609691847884422,3,4,1,3,0.16666666666666666,0.25,0,0,0,0,0,1,0,0,0,0,0,178,129,23,20,1.1499994250002876
PAIR_0086,RES_SOF_0035,JOB_SOF_0016,LOW,0,0.04714522085708898,2,4,1,3,0.2,0.25,1,0,1,0,0,1,0,0,0,0,1,170,129,25,20,1.2499993750003124
PAIR_0087,RES_SOF_0035,JOB_SOF_0017,LOW,0,0.11061710664842361,2,3,1,2,0.25,0.3333333333333333,1,0,1,0,0,1,0,0,0,0,1,170,125,25,21,1.1904756235830365
PAIR_0088,RES_SOF_0035,JOB_DEV_0084,LOW,0,0.015064320733208278,2,4,0,4,0.0,0.0,1,0,1,0,0,1,0,0,0,0,1,170,124,25,18,1.3888881172843792
PAIR_0089,RES_SOF_0036,JOB_SOF_0007,MEDIUM,1,0.12145142866739525,6,3,1,2,0.125,0.3333333333333333,1,0,0,0,0,1,0,0,0,0,1,167,124,24,21,1.142856598639715
PAIR_0090,RES_SOF_0036,JOB_SOF_0008,HIGH,2,0.18677569222979054,6,4,4,0,0.6666666666666666,1.0,1,0,0,0,0,1,0,0,0,0,1,167,128,24,20,1.1999994000003
PAIR_0091,RES_SOF_0037,JOB_SOF_0011,HIGH,2,0.2619579812930446,8,3,3,0,0.375,1.0,1,0,0,1,0,1,0,0,0,0,1,181,125,26,21,1.238094648526358
PAIR_0092,RES_SOF_0037,JOB_SOF_0012,LOW,0,0.09013393541741707,8,4,3,1,0.3333333333333333,0.75,1,0,0,1,0,1,0,0,0,0,1,181,129,26,20,1.299999350000325
PAIR_0093,RES_SOF_0037,JOB_WEB_0036,LOW,0,0.07058164409770981,8,6,0,6,0.0,0.0,1,0,0,1,0,1,0,0,0,0,1,181,148,26,21,1.238094648526358
PAIR_0096,RES_SOF_0039,JOB_SOF_0010,LOW,0,0.04802380990484698,2,4,1,3,0.2,0.25,1,0,1,0,0,1,0,0,0,0,1,170,129,25,20,1.2499993750003124
PAIR_0097,RES_SOF_0039,JOB_SOF_0011,LOW,0,0.10553187066379287,2,3,1,2,0.25,0.3333333333333333,1,0,1,0,0,1,0,0,0,0,1,170,125,25,21,1.1904756235830365
PAIR_0098,RES_SOF_0039,JOB_DEV_0087,LOW,0,0.0034085965694633097,2,4,0,4,0.0,0.0,1,0,1,0,0,0,0,0,1,0,0,170,132,25,18,1.3888881172843792
PAIR_0099,RES_SOF_0040,JOB_SOF_0004,HIGH,2,0.18573289068658125,6,4,4,0,0.6666666666666666,1.0,1,0,0,0,0,1,0,0,0,0,1,167,128,24,20,1.1999994000003
PAIR_0100,RES_SOF_0040,JOB_SOF_0005,MEDIUM,1,0.12077334397806898,6,3,1,2,0.125,0.3333333333333333,1,0,0,0,0,1,0,0,0,0,1,167,124,24,21,1.142856598639715
PAIR_0104,RES_SOF_0042,JOB_SOF_0003,MEDIUM,1,0.0729538214167746,3,3,1,2,0.2,0.3333333333333333,0,0,0,0,0,1,0,0,0,0,0,178,124,23,21,1.0952375736963935
PAIR_0105,RES_SOF_0042,JOB_SOF_0004,MEDIUM,1,0.14063089851954166,3,4,1,3,0.16666666666666666,0.25,0,0,0,0,0,1,0,0,0,0,0,178,128,23,20,1.1499994250002876
PAIR_0106,RES_SOF_0043,JOB_SOF_0002,LOW,0,0.0530524714692099,2,4,1,3,0.2,0.25,1,0,1,0,0,1,0,0,0,0,1,170,128,25,20,1.2499993750003124
PAIR_0107,RES_SOF_0043,JOB_SOF_0003,LOW,0,0.12019126840533817,2,3,1,2,0.25,0.3333333333333333,1,0,1,0,0,1,0,0,0,0,1,170,124,25,21,1.1904756235830365
PAIR_0108,RES_SOF_0043,JOB_QA _0120,LOW,0,0.0031293987144499747,2,4,0,4,0.0,0.0,1,0,1,0,0,0,0,0,0,0,0,170,146,25,20,1.2499993750003124
PAIR_0114,RES_SOF_0046,JOB_SOF_0001,MEDIUM,1,0.072493061817151,3,3,1,2,0.2,0.3333333333333333,0,0,0,0,0,1,0,0,0,0,0,178,124,23,21,1.0952375736963935
PAIR_0115,RES_SOF_0046,JOB_SOF_0002,MEDIUM,1,0.13974270602683597,3,4,1,3,0.16666666666666666,0.25,0,0,0,0,0,1,0,0,0,0,0,178,128,23,20,1.1499994250002876
PAIR_0116,RES_SOF_0047,JOB_SOF_0025,LOW,0,0.10537177461974204,2,3,1,2,0.25,0.3333333333333333,1,0,1,0,0,1,0,0,0,0,1,170,125,25,21,1.1904756235830365
PAIR_0117,RES_SOF_0047,JOB_SOF_0001,LOW,0,0.11950131330730747,2,3,1,2,0.25,0.3333333333333333,1,0,1,0,0,1,0,0,0,0,1,170,124,25,21,1.1904756235830365
PAIR_0118,RES_SOF_0047,JOB_QA _0116,LOW,0,0.002954760826326636,2,4,0,4,0.0,0.0,1,0,1,0,0,0,0,0,0,0,0,170,146,25,20,1.2499993750003124
PAIR_0119,RES_SOF_0048,JOB_SOF_0002,HIGH,2,0.18505186176256677,6,4,4,0,0.6666666666666666,1.0,1,0,0,0,0,1,0,0,0,0,1,167,128,24,20,1.1999994000003
PAIR_0120,RES_SOF_0048,JOB_SOF_0003,MEDIUM,1,0.12033050297023795,6,3,1,2,0.125,0.3333333333333333,1,0,0,0,0,1,0,0,0,0,1,167,124,24,21,1.142856598639715
PAIR_0126,RES_SOF_0051,JOB_SOF_0009,LOW,0,0.1180751014646856,2,3,1,2,0.25,0.3333333333333333,1,0,1,0,0,1,0,0,0,0,1,170,124,25,21,1.1904756235830365
PAIR_0127,RES_SOF_0051,JOB_SOF_0010,LOW,0,0.04717827095486195,2,4,1,3,0.2,0.25,1,0,1,0,0,1,0,0,0,0,1,170,129,25,20,1.2499993750003124
PAIR_0128,RES_SOF_0051,JOB_QA _0112,LOW,0,0.002909140193720444,2,4,0,4,0.0,0.0,1,0,1,0,0,0,0,0,0,0,0,170,146,25,20,1.2499993750003124
PAIR_0129,RES_SOF_0052,JOB_SOF_0011,MEDIUM,1,0.10410123026958193,6,3,1,2,0.125,0.3333333333333333,1,0,0,0,0,1,0,0,0,0,1,167,125,24,21,1.142856598639715
PAIR_0130,RES_SOF_0052,JOB_SOF_0012,HIGH,2,0.16329005601882077,6,4,4,0,0.6666666666666666,1.0,1,0,0,0,0,1,0,0,0,0,1,167,129,24,20,1.1999994000003
PAIR_0131,RES_SOF_0053,JOB_SOF_0001,HIGH,2,0.2992922962423655,8,3,3,0,0.375,1.0,1,0,0,1,0,1,0,0,0,0,1,181,124,26,21,1.238094648526358
PAIR_0132,RES_SOF_0053,JOB_SOF_0002,LOW,0,0.10096389294504968,8,4,3,1,0.3333333333333333,0.75,1,0,0,1,0,1,0,0,0,0,1,181,128,26,20,1.299999350000325
PAIR_0133,RES_SOF_0053,JOB_QA _0119,LOW,0,0.019108840221964102,8,4,1,3,0.09090909090909091,0.25,1,0,0,1,0,0,0,0,1,0,1,181,126,26,19,1.3684203324103514
PAIR_0139,RES_SOF_0056,JOB_SOF_0018,HIGH,2,0.15764818244154025,6,4,4,0,0.6666666666666666,1.0,1,0,0,0,0,1,0,0,0,0,1,167,129,24,20,1.1999994000003
PAIR_0140,RES_SOF_0056,JOB_SOF_0019,MEDIUM,1,0.10530196637022791,6,3,1,2,0.125,0.3333333333333333,1,0,0,0,0,1,0,0,0,0,1,167,125,24,21,1.142856598639715
PAIR_0141,RES_SOF_0057,JOB_SOF_0008,LOW,0,0.10096389294504968,8,4,3,1,0.3333333333333333,0.75,1,0,0,1,0,1,0,0,0,0,1,181,128,26,20,1.299999350000325
PAIR_0142,RES_SOF_0057,JOB_SOF_0009,HIGH,2,0.2992922962423655,8,3,3,0,0.375,1.0,1,0,0,1,0,1,0,0,0,0,1,181,124,26,21,1.238094648526358
PAIR_0143,RES_SOF_0057,JOB_QA _0119,LOW,0,0.019108840221964102,8,4,1,3,0.09090909090909091,0.25,1,0,0,1,0,0,0,0,1,0,1,181,126,26,19,1.3684203324103514
PAIR_0144,RES_SOF_0058,JOB_SOF_0010,MEDIUM,1,0.1255672442724692,3,4,1,3,0.16666666666666666,0.25,0,0,0,0,0,1,0,0,0,0,0,178,129,23,20,1.1499994250002876
PAIR_0145,RES_SOF_0058,JOB_SOF_0011,MEDIUM,1,0.0631834570987231,3,3,1,2,0.2,0.3333333333333333,0,0,0,0,0,1,0,0,0,0,0,178,125,23,21,1.0952375736963935
PAIR_0156,RES_SOF_0063,JOB_SOF_0021,LOW,0,0.10079156394283076,2,3,1,2,0.25,0.3333333333333333,1,0,1,0,0,1,0,0,0,0,1,170,125,25,21,1.1904756235830365
PAIR_0157,RES_SOF_0063,JOB_SOF_0022,LOW,0,0.04699943076062051,2,4,1,3,0.2,0.25,1,0,1,0,0,1,0,0,0,0,1,170,129,25,20,1.2499993750003124
PAIR_0158,RES_SOF_0063,JOB_DEV_0085,LOW,0,0.0031263570134282344,2,4,0,4,0.0,0.0,1,0,1,0,0,0,0,0,1,0,0,170,132,25,18,1.3888881172843792
PAIR_0159,RES_SOF_0064,JOB_SOF_0024,HIGH,2,0.16246982422358316,6,4,4,0,0.6666666666666666,1.0,1,0,0,0,0,1,0,0,0,0,1,167,129,24,20,1.1999994000003
PAIR_0160,RES_SOF_0064,JOB_SOF_0025,MEDIUM,1,0.10401829542795601,6,3,1,2,0.125,0.3333333333333333,1,0,0,0,0,1,0,0,0,0,1,167,125,24,21,1.142856598639715
PAIR_0161,RES_SOF_0065,JOB_SOF_0005,HIGH,2,0.29258555806431863,8,3,3,0,0.375,1.0,1,0,0,1,0,1,0,0,0,0,1,181,124,26,21,1.238094648526358
PAIR_0162,RES_SOF_0065,JOB_SOF_0006,LOW,0,0.09870142777664975,8,4,3,1,0.3333333333333333,0.75,1,0,0,1,0,1,0,0,0,0,1,181,128,26,20,1.299999350000325
PAIR_0163,RES_SOF_0065,JOB_QA _0102,LOW,0,0.0050255349816706665,8,4,0,4,0.0,0.0,1,0,0,1,0,0,0,0,0,0,0,181,146,26,20,1.299999350000325
PAIR_0166,RES_SOF_0067,JOB_SOF_0004,LOW,0,0.05265186247400602,2,4,1,3,0.2,0.25,1,0,1,0,0,1,0,0,0,0,1,170,128,25,20,1.2499993750003124
PAIR_0167,RES_SOF_0067,JOB_SOF_0005,LOW,0,0.11928368197374116,2,3,1,2,0.25,0.3333333333333333,1,0,1,0,0,1,0,0,0,0,1,170,124,25,21,1.1904756235830365
PAIR_0168,RES_SOF_0067,JOB_DEV_0096,LOW,0,0.014996674131445212,2,4,0,4,0.0,0.0,1,0,1,0,0,1,0,0,0,0,1,170,124,25,18,1.3888881172843792
PAIR_0174,RES_SOF_0070,JOB_SOF_0009,MEDIUM,1,0.07140341360945682,3,3,1,2,0.2,0.3333333333333333,0,0,0,0,0,1,0,0,0,0,0,178,124,23,21,1.0952375736963935
PAIR_0175,RES_SOF_0070,JOB_SOF_0010,MEDIUM,1,0.12459559011616257,3,4,1,3,0.16666666666666666,0.25,0,0,0,0,0,1,0,0,0,0,0,178,129,23,20,1.1499994250002876
PAIR_0176,RES_SOF_0071,JOB_SOF_0012,LOW,0,0.04667538370744436,2,4,1,3,0.2,0.25,1,0,1,0,0,1,0,0,0,0,1,170,129,25,20,1.2499993750003124
PAIR_0177,RES_SOF_0071,JOB_SOF_0013,LOW,0,0.10195674727684116,2,3,1,2,0.25,0.3333333333333333,1,0,1,0,0,1,0,0,0,0,1,170,125,25,21,1.1904756235830365
PAIR_0178,RES_SOF_0071,JOB_WEB_0035,LOW,0,0.010973677562309731,2,5,0,5,0.0,0.0,1,0,1,0,0,0,0,0,1,0,0,170,115,25,15,1.6666655555562964
PAIR_0179,RES_SOF_0072,JOB_SOF_0022,HIGH,2,0.16626693915898938,6,4,4,0,0.6666666666666666,1.0,1,0,0,0,0,1,0,0,0,0,1,167,129,24,20,1.1999994000003
PAIR_0180,RES_SOF_0072,JOB_SOF_0023,MEDIUM,1,0.1053146528247916,6,3,1,2,0.125,0.3333333333333333,1,0,0,0,0,1,0,0,0,0,1,167,125,24,21,1.142856598639715
PAIR_0181,RES_SOF_0073,JOB_SOF_0001,HIGH,2,0.2983464790538878,8,3,3,0,0.375,1.0,1,0,0,1,0,1,0,0,0,0,1,181,124,26,21,1.238094648526358
PAIR_0182,RES_SOF_0073,JOB_SOF_0002,LOW,0,0.10064482898462711,8,4,3,1,0.3333333333333333,0.75,1,0,0,1,0,1,0,0,0,0,1,181,128,26,20,1.299999350000325
PAIR_0183,RES_SOF_0073,JOB_WEB_0048,LOW,0,0.06938923432590113,8,6,0,6,0.0,0.0,1,0,0,1,0,1,0,0,0,0,1,181,148,26,21,1.238094648526358
PAIR_0184,RES_SOF_0074,JOB_SOF_0022,MEDIUM,1,0.12513530730251735,3,4,1,3,0.16666666666666666,0.25,0,0,0,0,0,1,0,0,0,0,0,178,129,23,20,1.1499994250002876
PAIR_0185,RES_SOF_0074,JOB_SOF_0023,MEDIUM,1,0.06323358199284938,3,3,1,2,0.2,0.3333333333333333,0,0,0,0,0,1,0,0,0,0,0,178,125,23,21,1.0952375736963935
PAIR_0186,RES_SOF_0075,JOB_SOF_0005,LOW,0,0.11762751036705457,2,3,1,2,0.25,0.3333333333333333,1,0,1,0,0,1,0,0,0,0,1,170,124,25,21,1.1904756235830365
PAIR_0187,RES_SOF_0075,JOB_SOF_0006,LOW,0,0.05192082769853848,2,4,1,3,0.2,0.25,1,0,1,0,0,1,0,0,0,0,1,170,128,25,20,1.2499993750003124
PAIR_0188,RES_SOF_0075,JOB_QA _0123,LOW,0,0.02230856697825855,2,4,1,3,0.2,0.25,1,0,1,0,0,0,0,0,1,0,0,170,126,25,19,1.3157887811637994
PAIR_0191,RES_SOF_0077,JOB_SOF_0007,HIGH,2,0.2944739811019251,8,3,3,0,0.375,1.0,1,0,0,1,0,1,0,0,0,0,1,181,124,26,21,1.238094648526358
PAIR_0192,RES_SOF_0077,JOB_SOF_0008,LOW,0,0.09933847237752197,8,4,3,1,0.3333333333333333,0.75,1,0,0,1,0,1,0,0,0,0,1,181,128,26,20,1.299999350000325
PAIR_0193,RES_SOF_0077,JOB_DEV_0096,LOW,0,0.10693954626855462,8,4,2,2,0.2,0.5,1,0,0,1,0,1,0,0,0,0,1,181,124,26,18,1.4444436419757545
PAIR_0194,RES_SOF_0078,JOB_SOF_0007,MEDIUM,1,0.071712715483251,3,3,1,2,0.2,0.3333333333333333,0,0,0,0,0,1,0,0,0,0,0,178,124,23,21,1.0952375736963935
PAIR_0195,RES_SOF_0078,JOB_SOF_0008,MEDIUM,1,0.13823845574958382,3,4,1,3,0.16666666666666666,0.25,0,0,0,0,0,1,0,0,0,0,0,178,128,23,20,1.1499994250002876
PAIR_0196,RES_SOF_0079,JOB_SOF_0021,LOW,0,0.10117509162777745,2,3,1,2,0.25,0.3333333333333333,1,0,1,0,0,1,0,0,0,0,1,170,125,25,21,1.1904756235830365
PAIR_0197,RES_SOF_0079,JOB_SOF_0022,LOW,0,0.04717827095486195,2,4,1,3,0.2,0.25,1,0,1,0,0,1,0,0,0,0,1,170,129,25,20,1.2499993750003124
PAIR_0198,RES_SOF_0079,JOB_WEB_0032,LOW,0,0.03301749108292055,2,6,0,6,0.0,0.0,1,0,1,0,0,1,0,0,0,0,1,170,148,25,21,1.1904756235830365
PAIR_0199,RES_SOF_0080,JOB_SOF_0005,MEDIUM,1,0.11796634304096974,6,3,1,2,0.125,0.3333333333333333,1,0,0,0,0,1,0,0,0,0,1,167,124,24,21,1.142856598639715
PAIR_0200,RES_SOF_0080,JOB_SOF_0006,HIGH,2,0.18141610702360628,6,4,4,0,0.6666666666666666,1.0,1,0,0,0,0,1,0,0,0,0,1,167,128,24,20,1.1999994000003
PAIR_0206,RES_SOF_0083,JOB_SOF_0024,LOW,0,0.046277627930465304,2,4,1,3,0.2,0.25,1,0,1,0,0,1,0,0,0,0,1,170,129,25,20,1.2499993750003124
PAIR_0207,RES_SOF_0083,JOB_SOF_0025,LOW,0,0.10322695977680207,2,3,1,2,0.25,0.3333333333333333,1,0,1,0,0,1,0,0,0,0,1,170,125,25,21,1.1904756235830365
PAIR_0208,RES_SOF_0083,JOB_DEV_0078,LOW,0,0.014718225044123366,2,4,0,4,0.0,0.0,1,0,1,0,0,1,0,0,0,0,1,170,124,25,18,1.3888881172843792
PAIR_0209,RES_SOF_0084,JOB_SOF_0008,HIGH,2,0.18141610702360628,6,4,4,0,0.6666666666666666,1.0,1,0,0,0,0,1,0,0,0,0,1,167,128,24,20,1.1999994000003
PAIR_0210,RES_SOF_0084,JOB_SOF_0009,MEDIUM,1,0.11796634304096974,6,3,1,2,0.125,0.3333333333333333,1,0,0,0,0,1,0,0,0,0,1,167,124,24,21,1.142856598639715
PAIR_0214,RES_SOF_0086,JOB_SOF_0009,MEDIUM,1,0.07140341360945682,3,3,1,2,0.2,0.3333333333333333,0,0,0,0,0,1,0,0,0,0,0,178,124,23,21,1.0952375736963935
PAIR_0215,RES_SOF_0086,JOB_SOF_0010,MEDIUM,1,0.12459559011616257,3,4,1,3,0.16666666666666666,0.25,0,0,0,0,0,1,0,0,0,0,0,178,129,23,20,1.1499994250002876
PAIR_0221,RES_SOF_0089,JOB_SOF_0014,LOW,0,0.08855543346780452,8,4,3,1,0.3333333333333333,0.75,1,0,0,1,0,1,0,0,0,0,1,181,129,26,20,1.299999350000325
PAIR_0222,RES_SOF_0089,JOB_SOF_0015,HIGH,2,0.25591304230221174,8,3,3,0,0.375,1.0,1,0,0,1,0,1,0,0,0,0,1,181,125,26,21,1.238094648526358
PAIR_0223,RES_SOF_0089,JOB_DAT_0058,LOW,0,0.010872372501104774,8,3,0,3,0.0,0.0,1,0,0,1,0,1,0,0,0,0,1,181,130,26,17,1.5294108650524323
PAIR_0224,RES_SOF_0090,JOB_SOF_0023,MEDIUM,1,0.06260060643079518,3,3,1,2,0.2,0.3333333333333333,0,0,0,0,0,1,0,0,0,0,0,178,125,23,21,1.0952375736963935
PAIR_0225,RES_SOF_0090,JOB_SOF_0024,MEDIUM,1,0.12256218573379288,3,4,1,3,0.16666666666666666,0.25,0,0,0,0,0,1,0,0,0,0,0,178,129,23,20,1.1499994250002876
PAIR_0226,RES_SOF_0091,JOB_SOF_0019,LOW,0,0.1044720802112281,2,3,1,2,0.25,0.3333333333333333,1,0,1,0,0,1,0,0,0,0,1,170,125,25,21,1.1904756235830365
PAIR_0227,RES_SOF_0091,JOB_SOF_0020,LOW,0,0.04685079145668925,2,4,1,3,0.2,0.25,1,0,1,0,0,1,0,0,0,0,1,170,129,25,20,1.2499993750003124
PAIR_0228,RES_SOF_0091,JOB_DAT_0051,LOW,0,0.053652128400459846,2,4,1,3,0.2,0.25,1,0,1,0,0,0,0,0,1,0,0,170,119,25,17,1.4705873702427235
PAIR_0231,RES_SOF_0093,JOB_SOF_0003,HIGH,2,0.2944739811019251,8,3,3,0,0.375,1.0,1,0,0,1,0,1,0,0,0,0,1,181,124,26,21,1.238094648526358
PAIR_0232,RES_SOF_0093,JOB_SOF_0004,LOW,0,0.09933847237752197,8,4,3,1,0.3333333333333333,0.75,1,0,0,1,0,1,0,0,0,0,1,181,128,26,20,1.299999350000325
PAIR_0233,RES_SOF_0093,JOB_DAT_0059,LOW,0,0.011802586310355752,8,4,0,4,0.0,0.0,1,0,0,1,0,0,0,0,1,0,1,181,119,26,17,1.5294108650524323
PAIR_0234,RES_SOF_0094,JOB_SOF_0024,MEDIUM,1,0.12256218573379288,3,4,1,3,0.16666666666666666,0.25,0,0,0,0,0,1,0,0,0,0,0,178,129,23,20,1.1499994250002876
PAIR_0235,RES_SOF_0094,JOB_SOF_0025,MEDIUM,1,0.06260060643079518,3,3,1,2,0.2,0.3333333333333333,0,0,0,0,0,1,0,0,0,0,0,178,125,23,21,1.0952375736963935
PAIR_0236,RES_SOF_0095,JOB_SOF_0003,LOW,0,0.11706889540927663,2,3,1,2,0.25,0.3333333333333333,1,0,1,0,0,1,0,0,0,0,1,170,124,25,21,1.1904756235830365
PAIR_0237,RES_SOF_0095,JOB_SOF_0004,LOW,0,0.051674254844262225,2,4,1,3,0.2,0.25,1,0,1,0,0,1,0,0,0,0,1,170,128,25,20,1.2499993750003124
PAIR_0238,RES_SOF_0095,JOB_WEB_0047,LOW,0,0.010689229155884435,2,5,0,5,0.0,0.0,1,0,1,0,0,0,0,0,1,0,0,170,115,25,15,1.6666655555562964
PAIR_0239,RES_SOF_0096,JOB_SOF_0024,HIGH,2,0.16329005601882077,6,4,4,0,0.6666666666666666,1.0,1,0,0,0,0,1,0,0,0,0,1,167,129,24,20,1.1999994000003
PAIR_0240,RES_SOF_0096,JOB_SOF_0025,MEDIUM,1,0.10454343364118517,6,3,1,2,0.125,0.3333333333333333,1,0,0,0,0,1,0,0,0,0,1,167,125,24,21,1.142856598639715
PAIR_0241,RES_SOF_0097,JOB_SOF_0005,HIGH,2,0.29258555806431863,8,3,3,0,0.375,1.0,1,0,0,1,0,1,0,0,0,0,1,181,124,26,21,1.238094648526358
PAIR_0242,RES_SOF_0097,JOB_SOF_0006,LOW,0,0.09870142777664975,8,4,3,1,0.3333333333333333,0.75,1,0,0,1,0,1,0,0,0,0,1,181,128,26,20,1.299999350000325
PAIR_0243,RES_SOF_0097,JOB_WEB_0029,LOW,0,0.014951062238635047,8,5,0,5,0.0,0.0,1,0,0,1,0,0,0,0,1,0,1,181,115,26,15,1.7333321777785482
PAIR_0244,RES_SOF_0098,JOB_SOF_0004,MEDIUM,1,0.13685467261619289,3,4,1,3,0.16666666666666666,0.25,0,0,0,0,0,1,0,0,0,0,0,178,128,23,20,1.1499994250002876
PAIR_0245,RES_SOF_0098,JOB_SOF_0005,MEDIUM,1,0.07099486280182966,3,3,1,2,0.2,0.3333333333333333,0,0,0,0,0,1,0,0,0,0,0,178,124,23,21,1.0952375736963935
PAIR_0251,RES_SOF_0101,JOB_SOF_0006,LOW,0,0.09933847237752197,8,4,3,1,0.3333333333333333,0.75,1,0,0,1,0,1,0,0,0,0,1,182,128,26,20,1.299999350000325
PAIR_0252,RES_SOF_0101,JOB_SOF_0007,HIGH,2,0.2944739811019251,8,3,3,0,0.375,1.0,1,0,0,1,0,1,0,0,0,0,1,182,124,26,21,1.238094648526358
PAIR_0253,RES_SOF_0101,JOB_DAT_0061,LOW,0,0.011897627072924216,8,4,0,4,0.0,0.0,1,0,0,1,0,0,0,0,1,0,1,182,119,26,17,1.5294108650524323
PAIR_0254,RES_SOF_0102,JOB_SOF_0022,MEDIUM,1,0.12459559011616257,3,4,1,3,0.16666666666666666,0.25,0,0,0,0,0,1,0,0,0,0,0,179,129,23,20,1.1499994250002876
PAIR_0255,RES_SOF_0102,JOB_SOF_0023,MEDIUM,1,0.06296085120493668,3,3,1,2,0.2,0.3333333333333333,0,0,0,0,0,1,0,0,0,0,0,179,125,23,21,1.0952375736963935
PAIR_0256,RES_SOF_0103,JOB_SOF_0006,LOW,0,0.05192082769853848,2,4,1,3,0.2,0.25,1,0,1,0,0,1,0,0,0,0,1,171,128,25,20,1.2499993750003124
PAIR_0257,RES_SOF_0103,JOB_SOF_0007,LOW,0,0.11762751036705457,2,3,1,2,0.25,0.3333333333333333,1,0,1,0,0,1,0,0,0,0,1,171,124,25,21,1.1904756235830365
PAIR_0258,RES_SOF_0103,JOB_QA _0107,LOW,0,0.020832801874498444,2,4,1,3,0.2,0.25,1,0,1,0,0,0,0,0,1,0,0,171,126,25,19,1.3157887811637994
PAIR_0259,RES_SOF_0104,JOB_SOF_0025,MEDIUM,1,0.10454343364118517,6,3,1,2,0.125,0.3333333333333333,1,0,0,0,0,1,0,0,0,0,1,168,125,24,21,1.142856598639715
PAIR_0260,RES_SOF_0104,JOB_SOF_0001,MEDIUM,1,0.11856189822047776,6,3,1,2,0.125,0.3333333333333333,1,0,0,0,0,1,0,0,0,0,1,168,124,24,21,1.142856598639715
PAIR_0261,RES_SOF_0105,JOB_SOF_0001,HIGH,2,0.29258555806431863,8,3,3,0,0.375,1.0,1,0,0,1,0,1,0,0,0,0,1,182,124,26,21,1.238094648526358
PAIR_0262,RES_SOF_0105,JOB_SOF_0002,LOW,0,0.09870142777664975,8,4,3,1,0.3333333333333333,0.75,1,0,0,1,0,1,0,0,0,0,1,182,128,26,20,1.299999350000325
PAIR_0263,RES_SOF_0105,JOB_DEV_0077,LOW,0,0.01732118275955956,8,4,1,3,0.09090909090909091,0.25,1,0,0,1,0,0,0,0,1,0,1,182,132,26,18,1.4444436419757545
PAIR_0266,RES_SOF_0107,JOB_SOF_0017,LOW,0,0.10876727750713264,2,3,1,2,0.25,0.3333333333333333,1,0,1,0,0,1,0,0,0,0,1,171,125,25,21,1.1904756235830365
PAIR_0267,RES_SOF_0107,JOB_SOF_0018,LOW,0,0.04520464525496843,2,4,1,3,0.2,0.25,1,0,1,0,0,1,0,0,0,0,1,171,129,25,20,1.2499993750003124
PAIR_0268,RES_SOF_0107,JOB_QA _0110,LOW,0,0.0029183043957590822,2,4,0,4,0.0,0.0,1,0,1,0,0,0,0,0,0,0,0,171,146,25,20,1.2499993750003124
PAIR_0269,RES_SOF_0108,JOB_SOF_0022,HIGH,2,0.1631279029900191,6,4,4,0,0.6666666666666666,1.0,1,0,0,0,0,1,0,0,0,0,1,168,129,24,20,1.1999994000003
PAIR_0270,RES_SOF_0108,JOB_SOF_0023,MEDIUM,1,0.10332636515911527,6,3,1,2,0.125,0.3333333333333333,1,0,0,0,0,1,0,0,0,0,1,168,125,24,21,1.142856598639715
PAIR_0271,RES_SOF_0109,JOB_SOF_0016,LOW,0,0.08751451795277627,8,4,3,1,0.3333333333333333,0.75,1,0,0,1,0,1,0,0,0,0,1,182,129,26,20,1.299999350000325
PAIR_0272,RES_SOF_0109,JOB_SOF_0017,HIGH,2,0.26867476503444915,8,3,3,0,0.375,1.0,1,0,0,1,0,1,0,0,0,0,1,182,125,26,21,1.238094648526358
PAIR_0273,RES_SOF_0109,JOB_WEB_0036,LOW,0,0.0692187479232678,8,6,0,6,0.0,0.0,1,0,0,1,0,1,0,0,0,0,1,182,148,26,21,1.238094648526358
PAIR_0274,RES_SOF_0110,JOB_SOF_0016,MEDIUM,1,0.122041728631937,3,4,1,3,0.16666666666666666,0.25,0,0,0,0,0,1,0,0,0,0,0,179,129,23,20,1.1499994250002876
PAIR_0275,RES_SOF_0110,JOB_SOF_0017,MEDIUM,1,0.08806770963201518,3,3,1,2,0.2,0.3333333333333333,0,0,0,0,0,1,0,0,0,0,0,179,125,23,21,1.0952375736963935
PAIR_0281,RES_SOF_0113,JOB_SOF_0005,HIGH,2,0.29599396249200605,8,3,3,0,0.375,1.0,1,0,0,1,0,1,0,0,0,0,1,182,124,26,21,1.238094648526358
PAIR_0282,RES_SOF_0113,JOB_SOF_0006,LOW,0,0.09985122609779257,8,4,3,1,0.3333333333333333,0.75,1,0,0,1,0,1,0,0,0,0,1,182,128,26,20,1.299999350000325
PAIR_0283,RES_SOF_0113,JOB_QA _0117,LOW,0,0.01861755069197074,8,4,1,3,0.09090909090909091,0.25,1,0,0,1,0,0,0,0,1,0,1,182,126,26,19,1.3684203324103514
PAIR_0289,RES_SOF_0116,JOB_SOF_0009,MEDIUM,1,0.11856189822047776,6,3,1,2,0.125,0.3333333333333333,1,0,0,0,0,1,0,0,0,0,1,168,124,24,21,1.142856598639715
PAIR_0290,RES_SOF_0116,JOB_SOF_0010,HIGH,2,0.16504936639357126,6,4,4,0,0.6666666666666666,1.0,1,0,0,0,0,1,0,0,0,0,1,168,129,24,20,1.1999994000003
PAIR_0291,RES_SOF_0117,JOB_SOF_0007,HIGH,2,0.2944739811019251,8,3,3,0,0.375,1.0,1,0,0,1,0,1,0,0,0,0,1,182,124,26,21,1.238094648526358
PAIR_0292,RES_SOF_0117,JOB_SOF_0008,LOW,0,0.09933847237752197,8,4,3,1,0.3333333333333333,0.75,1,0,0,1,0,1,0,0,0,0,1,182,128,26,20,1.299999350000325
PAIR_0293,RES_SOF_0117,JOB_QA _0107,LOW,0,0.018660033180851864,8,4,1,3,0.09090909090909091,0.25,1,0,0,1,0,0,0,0,1,0,1,182,126,26,19,1.3684203324103514
PAIR_0296,RES_WEB_0119,JOB_WEB_0047,LOW,0,0.03812593572760786,5,5,2,3,0.25,0.4,1,0,0,0,0,0,0,0,1,0,0,162,115,23,15,1.5333323111117927
PAIR_0297,RES_WEB_0119,JOB_WEB_0048,HIGH,2,0.21363010167962332,5,6,5,1,0.8333333333333334,0.8333333333333334,1,0,0,0,0,1,0,0,0,0,1,162,148,23,21,1.0952375736963935
PAIR_0298,RES_WEB_0119,JOB_DAT_0055,LOW,0,0.017525491930857305,5,4,0,4,0.0,0.0,1,0,0,0,0,0,0,0,1,0,0,162,119,23,17,1.3529403806233056
PAIR_0301,RES_WEB_0121,JOB_WEB_0047,LOW,0,0.018710463408767274,3,5,1,4,0.14285714285714285,0.2,0,0,0,0,0,0,0,0,1,0,0,153,115,21,15,1.399999066667289
PAIR_0302,RES_WEB_0121,JOB_WEB_0048,LOW,0,0.022144231368615066,3,6,1,5,0.125,0.16666666666666666,0,0,0,0,0,1,0,0,0,0,0,153,148,21,21,0.9999995238097505
PAIR_0303,RES_WEB_0121,JOB_QA _0115,LOW,0,0.01883865102435376,3,4,0,4,0.0,0.0,0,0,0,0,0,0,0,0,1,0,0,153,126,21,19,1.1052625761775916
PAIR_0314,RES_WEB_0126,JOB_WEB_0043,LOW,0,0.03251685565559154,4,5,2,3,0.2857142857142857,0.4,1,0,1,0,0,0,0,0,1,0,0,162,115,22,15,1.4666656888895409
PAIR_0315,RES_WEB_0126,JOB_WEB_0044,LOW,0,0.11194103427914046,4,6,4,2,0.6666666666666666,0.6666666666666666,1,0,1,0,0,1,0,0,0,0,1,162,148,22,21,1.047618548753072
PAIR_0316,RES_WEB_0127,JOB_WEB_0032,HIGH,2,0.21141557331144933,5,6,5,1,0.8333333333333334,0.8333333333333334,1,0,0,0,0,1,0,0,0,0,1,162,148,23,21,1.0952375736963935
PAIR_0317,RES_WEB_0127,JOB_WEB_0033,LOW,0,0.03775585983497415,5,5,2,3,0.25,0.4,1,0,0,0,0,0,0,0,1,0,0,162,115,23,15,1.5333323111117927
PAIR_0318,RES_WEB_0127,JOB_QA _0124,LOW,0,0.003673532232647144,5,4,0,4,0.0,0.0,1,0,0,0,0,0,0,0,0,0,0,162,146,23,20,1.1499994250002876
PAIR_0319,RES_WEB_0128,JOB_WEB_0044,MEDIUM,1,0.03232082441672185,5,6,1,5,0.1,0.16666666666666666,1,0,0,1,0,1,0,0,0,0,1,162,148,22,21,1.047618548753072
PAIR_0320,RES_WEB_0128,JOB_WEB_0045,HIGH,2,0.22949539115270262,5,5,4,1,0.6666666666666666,0.8,1,0,0,1,0,0,0,0,1,0,1,162,115,22,15,1.4666656888895409
PAIR_0321,RES_WEB_0129,JOB_WEB_0042,LOW,0,0.022234603231271396,3,6,1,5,0.125,0.16666666666666666,0,0,0,0,0,1,0,0,0,0,0,153,148,21,21,0.9999995238097505
PAIR_0322,RES_WEB_0129,JOB_WEB_0043,LOW,0,0.01884469794365816,3,5,1,4,0.14285714285714285,0.2,0,0,0,0,0,0,0,0,1,0,0,153,115,21,15,1.399999066667289
PAIR_0323,RES_WEB_0129,JOB_QA _0104,LOW,0,0.004687464753296979,3,4,0,4,0.0,0.0,0,0,0,0,0,0,0,0,0,0,0,153,146,21,20,1.0499994750002626
PAIR_0324,RES_WEB_0130,JOB_WEB_0042,LOW,0,0.11194103427914046,4,6,4,2,0.6666666666666666,0.6666666666666666,1,0,1,0,0,1,0,0,0,0,1,162,148,22,21,1.047618548753072
PAIR_0325,RES_WEB_0130,JOB_WEB_0043,LOW,0,0.03251685565559154,4,5,2,3,0.2857142857142857,0.4,1,0,1,0,0,0,0,0,1,0,0,162,115,22,15,1.4666656888895409
PAIR_0326,RES_WEB_0131,JOB_WEB_0030,HIGH,2,0.20383059543045892,5,6,5,1,0.8333333333333334,0.8333333333333334,1,0,0,0,0,1,0,0,0,0,1,162,148,23,21,1.0952375736963935
PAIR_0327,RES_WEB_0131,JOB_WEB_0031,LOW,0,0.036781795115033634,5,5,2,3,0.25,0.4,1,0,0,0,0,0,0,0,1,0,0,162,115,23,15,1.5333323111117927
PAIR_0328,RES_WEB_0131,JOB_QA _0115,LOW,0,0.014165441145805467,5,4,0,4,0.0,0.0,1,0,0,0,0,0,0,0,1,0,0,162,126,23,19,1.2105256786706955
PAIR_0331,RES_WEB_0133,JOB_WEB_0044,LOW,0,0.022234603231271396,3,6,1,5,0.125,0.16666666666666666,0,0,0,0,0,1,0,0,0,0,0,153,148,21,21,0.9999995238097505
PAIR_0332,RES_WEB_0133,JOB_WEB_0045,LOW,0,0.018674064336455434,3,5,1,4,0.14285714285714285,0.2,0,0,0,0,0,0,0,0,1,0,0,153,115,21,15,1.399999066667289
PAIR_0333,RES_WEB_0133,JOB_DEV_0100,LOW,0,0.022421451650951923,3,4,0,4,0.0,0.0,0,0,0,0,0,1,0,0,0,0,0,153,125,21,18,1.1666660185188786
PAIR_0334,RES_WEB_0134,JOB_WEB_0035,LOW,0,0.032679956560106346,4,5,2,3,0.2857142857142857,0.4,1,0,1,0,0,0,0,0,1,0,0,162,115,22,15,1.4666656888895409
PAIR_0335,RES_WEB_0134,JOB_WEB_0036,LOW,0,0.11277394683335289,4,6,4,2,0.6666666666666666,0.6666666666666666,1,0,1,0,0,1,0,0,0,0,1,162,148,22,21,1.047618548753072
PAIR_0336,RES_WEB_0135,JOB_WEB_0044,HIGH,2,0.2098541250327318,5,6,5,1,0.8333333333333334,0.8333333333333334,1,0,0,0,0,1,0,0,0,0,1,162,148,23,21,1.0952375736963935
PAIR_0337,RES_WEB_0135,JOB_WEB_0045,LOW,0,0.03722726302752525,5,5,2,3,0.25,0.4,1,0,0,0,0,0,0,0,1,0,0,162,115,23,15,1.5333323111117927
PAIR_0338,RES_WEB_0135,JOB_QA _0104,LOW,0,0.003488554626091132,5,4,0,4,0.0,0.0,1,0,0,0,0,0,0,0,0,0,0,162,146,23,20,1.1499994250002876
PAIR_0339,RES_WEB_0136,JOB_WEB_0039,HIGH,2,0.23159239723146718,5,5,4,1,0.6666666666666666,0.8,1,0,0,1,0,0,0,0,1,0,1,162,115,22,15,1.4666656888895409
PAIR_0340,RES_WEB_0136,JOB_WEB_0040,MEDIUM,1,0.032227014129865186,5,6,1,5,0.1,0.16666666666666666,1,0,0,1,0,1,0,0,0,0,1,162,148,22,21,1.047618548753072
PAIR_0341,RES_WEB_0137,JOB_WEB_0045,LOW,0,0.018674064336455434,3,5,1,4,0.14285714285714285,0.2,0,0,0,0,0,0,0,0,1,0,0,153,115,21,15,1.399999066667289
PAIR_0342,RES_WEB_0137,JOB_WEB_0046,LOW,0,0.021934966937986848,3,6,1,5,0.125,0.16666666666666666,0,0,0,0,0,1,0,0,0,0,0,153,148,21,21,0.9999995238097505
PAIR_0343,RES_WEB_0137,JOB_QA _0103,LOW,0,0.018829909325696764,3,4,0,4,0.0,0.0,0,0,0,0,0,0,0,0,1,0,0,153,126,21,19,1.1052625761775916
PAIR_0344,RES_WEB_0138,JOB_WEB_0048,LOW,0,0.11086873822099234,4,6,4,2,0.6666666666666666,0.6666666666666666,1,0,1,0,0,1,0,0,0,0,1,162,148,22,21,1.047618548753072
PAIR_0345,RES_WEB_0138,JOB_WEB_0049,LOW,0,0.03103325464867112,4,5,2,3,0.2857142857142857,0.4,1,0,1,0,0,0,0,0,1,0,0,162,115,22,15,1.4666656888895409
PAIR_0346,RES_WEB_0139,JOB_WEB_0042,HIGH,2,0.2098541250327318,5,6,5,1,0.8333333333333334,0.8333333333333334,1,0,0,0,0,1,0,0,0,0,1,162,148,23,21,1.0952375736963935
PAIR_0347,RES_WEB_0139,JOB_WEB_0043,LOW,0,0.037567425836339756,5,5,2,3,0.25,0.4,1,0,0,0,0,0,0,0,1,0,0,162,115,23,15,1.5333323111117927
PAIR_0348,RES_WEB_0139,JOB_DEV_0080,LOW,0,0.018948125240184337,5,4,0,4,0.0,0.0,1,0,0,0,0,1,0,0,0,0,1,162,124,23,18,1.277777067901629
PAIR_0349,RES_WEB_0140,JOB_WEB_0031,HIGH,2,0.2267492093356925,5,5,4,1,0.6666666666666666,0.8,1,0,0,1,0,0,0,0,1,0,1,162,115,22,15,1.4666656888895409
PAIR_0350,RES_WEB_0140,JOB_WEB_0032,MEDIUM,1,0.03256131192510107,5,6,1,5,0.1,0.16666666666666666,1,0,0,1,0,1,0,0,0,0,1,162,148,22,21,1.047618548753072
PAIR_0351,RES_WEB_0141,JOB_WEB_0026,LOW,0,0.021837413336795456,3,6,1,5,0.125,0.16666666666666666,0,0,0,0,0,1,0,0,0,0,0,153,148,21,21,0.9999995238097505
PAIR_0352,RES_WEB_0141,JOB_WEB_0027,LOW,0,0.017984897317778314,3,5,1,4,0.14285714285714285,0.2,0,0,0,0,0,0,0,0,1,0,0,153,115,21,15,1.399999066667289
PAIR_0353,RES_WEB_0141,JOB_QA _0119,LOW,0,0.01911381275365597,3,4,0,4,0.0,0.0,0,0,0,0,0,0,0,0,1,0,0,153,126,21,19,1.1052625761775916
PAIR_0354,RES_WEB_0142,JOB_WEB_0039,LOW,0,0.03251685565559154,4,5,2,3,0.2857142857142857,0.4,1,0,1,0,0,0,0,0,1,0,0,162,115,22,15,1.4666656888895409
PAIR_0355,RES_WEB_0142,JOB_WEB_0040,LOW,0,0.11161612856506083,4,6,4,2,0.6666666666666666,0.6666666666666666,1,0,1,0,0,1,0,0,0,0,1,162,148,22,21,1.047618548753072
PAIR_0361,RES_WEB_0145,JOB_WEB_0035,LOW,0,0.01893922083702994,3,5,1,4,0.14285714285714285,0.2,0,0,0,0,0,0,0,0,1,0,0,153,115,21,15,1.399999066667289
PAIR_0362,RES_WEB_0145,JOB_WEB_0036,LOW,0,0.022400042833366524,3,6,1,5,0.125,0.16666666666666666,0,0,0,0,0,1,0,0,0,0,0,153,148,21,21,0.9999995238097505
PAIR_0363,RES_WEB_0145,JOB_DAT_0057,LOW,0,0.006226295804989712,3,4,0,4,0.0,0.0,0,0,0,0,0,0,0,0,1,0,0,153,119,21,17,1.2352933910038877
PAIR_0364,RES_WEB_0146,JOB_WEB_0034,LOW,0,0.11043250290446469,4,6,4,2,0.6666666666666666,0.6666666666666666,1,0,1,0,0,1,0,0,0,0,1,162,148,22,21,1.047618548753072
PAIR_0365,RES_WEB_0146,JOB_WEB_0035,LOW,0,0.032679956560106346,4,5,2,3,0.2857142857142857,0.4,1,0,1,0,0,0,0,0,1,0,0,162,115,22,15,1.4666656888895409
PAIR_0366,RES_WEB_0147,JOB_WEB_0049,LOW,0,0.03585338954117856,5,5,2,3,0.25,0.4,1,0,0,0,0,0,0,0,1,0,0,162,115,23,15,1.5333323111117927
PAIR_0367,RES_WEB_0147,JOB_WEB_0050,HIGH,2,0.2005727501392457,5,6,5,1,0.8333333333333334,0.8333333333333334,1,0,0,0,0,1,0,0,0,0,1,162,148,23,21,1.0952375736963935
PAIR_0368,RES_WEB_0147,JOB_QA _0101,LOW,0,0.014237704281060946,5,4,0,4,0.0,0.0,1,0,0,0,0,0,0,0,1,0,0,162,126,23,19,1.2105256786706955
PAIR_0369,RES_WEB_0148,JOB_WEB_0032,MEDIUM,1,0.03256131192510107,5,6,1,5,0.1,0.16666666666666666,1,0,0,1,0,1,0,0,0,0,1,162,148,22,21,1.047618548753072
PAIR_0370,RES_WEB_0148,JOB_WEB_0033,HIGH,2,0.23275403874647974,5,5,4,1,0.6666666666666666,0.8,1,0,0,1,0,0,0,0,1,0,1,162,115,22,15,1.4666656888895409
PAIR_0376,RES_WEB_0151,JOB_WEB_0029,LOW,0,0.03614346718939082,5,5,2,3,0.25,0.4,1,0,0,0,0,0,0,0,1,0,0,162,115,23,15,1.5333323111117927
PAIR_0377,RES_WEB_0151,JOB_WEB_0030,HIGH,2,0.20383059543045892,5,6,5,1,0.8333333333333334,0.8333333333333334,1,0,0,0,0,1,0,0,0,0,1,162,148,23,21,1.0952375736963935
PAIR_0378,RES_WEB_0151,JOB_SOF_0017,LOW,0,0.07506493004193523,5,3,0,3,0.0,0.0,1,0,0,0,0,1,0,0,0,0,1,162,125,23,21,1.0952375736963935
PAIR_0379,RES_WEB_0152,JOB_WEB_0044,MEDIUM,1,0.03232082441672185,5,6,1,5,0.1,0.16666666666666666,1,0,0,1,0,1,0,0,0,0,1,162,148,22,21,1.047618548753072
PAIR_0380,RES_WEB_0152,JOB_WEB_0045,HIGH,2,0.22949539115270262,5,5,4,1,0.6666666666666666,0.8,1,0,0,1,0,0,0,0,1,0,1,162,115,22,15,1.4666656888895409
PAIR_0381,RES_WEB_0153,JOB_WEB_0050,LOW,0,0.021251216851970255,3,6,1,5,0.125,0.16666666666666666,0,0,0,0,0,1,0,0,0,0,0,153,148,21,21,0.9999995238097505
PAIR_0382,RES_WEB_0153,JOB_WEB_0026,LOW,0,0.021837413336795456,3,6,1,5,0.125,0.16666666666666666,0,0,0,0,0,1,0,0,0,0,0,153,148,21,21,0.9999995238097505
PAIR_0383,RES_WEB_0153,JOB_QA _0113,LOW,0,0.018906553615082776,3,4,0,4,0.0,0.0,0,0,0,0,0,0,0,0,1,0,0,153,126,21,19,1.1052625761775916
PAIR_0386,RES_WEB_0155,JOB_WEB_0043,LOW,0,0.037567425836339756,5,5,2,3,0.25,0.4,1,0,0,0,0,0,0,0,1,0,0,162,115,23,15,1.5333323111117927
PAIR_0387,RES_WEB_0155,JOB_WEB_0044,HIGH,2,0.2098541250327318,5,6,5,1,0.8333333333333334,0.8333333333333334,1,0,0,0,0,1,0,0,0,0,1,162,148,23,21,1.0952375736963935
PAIR_0388,RES_WEB_0155,JOB_SOF_0019,LOW,0,0.07260297708742007,5,3,0,3,0.0,0.0,1,0,0,0,0,1,0,0,0,0,1,162,125,23,21,1.0952375736963935
PAIR_0389,RES_WEB_0156,JOB_WEB_0048,MEDIUM,1,0.03201121951766648,5,6,1,5,0.1,0.16666666666666666,1,0,0,1,0,1,0,0,0,0,1,162,148,22,21,1.047618548753072
PAIR_0390,RES_WEB_0156,JOB_WEB_0049,HIGH,2,0.22102585545489056,5,5,4,1,0.6666666666666666,0.8,1,0,0,1,0,0,0,0,1,0,1,162,115,22,15,1.4666656888895409
PAIR_0391,RES_WEB_0157,JOB_WEB_0042,LOW,0,0.022234603231271396,3,6,1,5,0.125,0.16666666666666666,0,0,0,0,0,1,0,0,0,0,0,153,148,21,21,0.9999995238097505
PAIR_0392,RES_WEB_0157,JOB_WEB_0043,LOW,0,0.01884469794365816,3,5,1,4,0.14285714285714285,0.2,0,0,0,0,0,0,0,0,1,0,0,153,115,21,15,1.399999066667289
PAIR_0393,RES_WEB_0157,JOB_DEV_0085,LOW,0,0.005038694485056744,3,4,0,4,0.0,0.0,0,0,0,0,0,0,0,0,1,0,0,153,132,21,18,1.1666660185188786
PAIR_0394,RES_WEB_0158,JOB_WEB_0038,LOW,0,0.10872794455033823,4,6,4,2,0.6666666666666666,0.6666666666666666,1,0,1,0,0,1,0,0,0,0,1,162,148,22,21,1.047618548753072
PAIR_0395,RES_WEB_0158,JOB_WEB_0039,LOW,0,0.03251685565559154,4,5,2,3,0.2857142857142857,0.4,1,0,1,0,0,0,0,0,1,0,0,162,115,22,15,1.4666656888895409
PAIR_0396,RES_WEB_0159,JOB_WEB_0036,HIGH,2,0.21141557331144933,5,6,5,1,0.8333333333333334,0.8333333333333334,1,0,0,0,0,1,0,0,0,0,1,162,148,23,21,1.0952375736963935
PAIR_0397,RES_WEB_0159,JOB_WEB_0037,LOW,0,0.03659748859203866,5,5,2,3,0.25,0.4,1,0,0,0,0,0,0,0,1,0,0,162,115,23,15,1.5333323111117927
PAIR_0398,RES_WEB_0159,JOB_DEV_0079,LOW,0,0.003777937018916446,5,4,0,4,0.0,0.0,1,0,0,0,0,0,0,0,1,0,0,162,132,23,18,1.277777067901629
PAIR_0399,RES_WEB_0160,JOB_WEB_0041,HIGH,2,0.22102585545489056,5,5,4,1,0.6666666666666666,0.8,1,0,0,1,0,0,0,0,1,0,1,162,115,22,15,1.4666656888895409
PAIR_0400,RES_WEB_0160,JOB_WEB_0042,MEDIUM,1,0.03232082441672185,5,6,1,5,0.1,0.16666666666666666,1,0,0,1,0,1,0,0,0,0,1,162,148,22,21,1.047618548753072
PAIR_0401,RES_WEB_0161,JOB_WEB_0037,LOW,0,0.018358154775308378,3,5,1,4,0.14285714285714285,0.2,0,0,0,0,0,0,0,0,1,0,0,153,115,21,15,1.399999066667289
PAIR_0402,RES_WEB_0161,JOB_WEB_0038,LOW,0,0.021596394233771504,3,6,1,5,0.125,0.16666666666666666,0,0,0,0,0,1,0,0,0,0,0,153,148,21,21,0.9999995238097505
PAIR_0403,RES_WEB_0161,JOB_QA _0112,LOW,0,0.0046708367008667945,3,4,0,4,0.0,0.0,0,0,0,0,0,0,0,0,0,0,0,153,146,21,20,1.0499994750002626
PAIR_0404,RES_WEB_0162,JOB_WEB_0032,LOW,0,0.11277394683335289,4,6,4,2,0.6666666666666666,0.6666666666666666,1,0,1,0,0,1,0,0,0,0,1,162,148,22,21,1.047618548753072
PAIR_0405,RES_WEB_0162,JOB_WEB_0033,LOW,0,0.032679956560106346,4,5,2,3,0.2857142857142857,0.4,1,0,1,0,0,0,0,0,1,0,0,162,115,22,15,1.4666656888895409
PAIR_0406,RES_WEB_0163,JOB_WEB_0031,LOW,0,0.036781795115033634,5,5,2,3,0.25,0.4,1,0,0,0,0,0,0,0,1,0,0,162,115,23,15,1.5333323111117927
PAIR_0407,RES_WEB_0163,JOB_WEB_0032,HIGH,2,0.21141557331144933,5,6,5,1,0.8333333333333334,0.8333333333333334,1,0,0,0,0,1,0,0,0,0,1,162,148,23,21,1.0952375736963935
PAIR_0408,RES_WEB_0163,JOB_QA _0114,LOW,0,0.0034597897530800293,5,4,0,4,0.0,0.0,1,0,0,0,0,0,0,0,0,0,0,162,146,23,20,1.1499994250002876
PAIR_0409,RES_WEB_0164,JOB_WEB_0047,HIGH,2,0.22866949083245205,5,5,4,1,0.6666666666666666,0.8,1,0,0,1,0,0,0,0,1,0,1,162,115,22,15,1.4666656888895409
PAIR_0410,RES_WEB_0164,JOB_WEB_0048,MEDIUM,1,0.03201121951766648,5,6,1,5,0.1,0.16666666666666666,1,0,0,1,0,1,0,0,0,0,1,162,148,22,21,1.047618548753072
PAIR_0414,RES_WEB_0166,JOB_WEB_0031,LOW,0,0.03183684524245861,4,5,2,3,0.2857142857142857,0.4,1,0,1,0,0,0,0,0,1,0,0,162,115,22,15,1.4666656888895409
PAIR_0415,RES_WEB_0166,JOB_WEB_0032,LOW,0,0.11277394683335289,4,6,4,2,0.6666666666666666,0.6666666666666666,1,0,1,0,0,1,0,0,0,0,1,162,148,22,21,1.047618548753072
PAIR_0416,RES_WEB_0167,JOB_WEB_0026,HIGH,2,0.20610537643082905,5,6,5,1,0.8333333333333334,0.8333333333333334,1,0,0,0,0,1,0,0,0,0,1,162,148,23,21,1.0952375736963935
PAIR_0417,RES_WEB_0167,JOB_WEB_0027,LOW,0,0.03585338954117856,5,5,2,3,0.25,0.4,1,0,0,0,0,0,0,0,1,0,0,162,115,23,15,1.5333323111117927
PAIR_0418,RES_WEB_0167,JOB_QA _0119,LOW,0,0.014452369842203426,5,4,0,4,0.0,0.0,1,0,0,0,0,0,0,0,1,0,0,162,126,23,19,1.2105256786706955
PAIR_0419,RES_WEB_0168,JOB_WEB_0046,MEDIUM,1,0.03188526494559503,5,6,1,5,0.1,0.16666666666666666,1,0,0,1,0,1,0,0,0,0,1,162,148,22,21,1.047618548753072
PAIR_0420,RES_WEB_0168,JOB_WEB_0047,HIGH,2,0.22866949083245205,5,5,4,1,0.6666666666666666,0.8,1,0,0,1,0,0,0,0,1,0,1,162,115,22,15,1.4666656888895409
PAIR_0421,RES_WEB_0169,JOB_WEB_0032,LOW,0,0.022400042833366524,3,6,1,5,0.125,0.16666666666666666,0,0,0,0,0,1,0,0,0,0,0,153,148,21,21,0.9999995238097505
PAIR_0422,RES_WEB_0169,JOB_WEB_0033,LOW,0,0.01893922083702994,3,5,1,4,0.14285714285714285,0.2,0,0,0,0,0,0,0,0,1,0,0,153,115,21,15,1.399999066667289
PAIR_0423,RES_WEB_0169,JOB_DAT_0051,LOW,0,0.006161683873921782,3,4,0,4,0.0,0.0,0,0,0,0,0,0,0,0,1,0,0,153,119,21,17,1.2352933910038877
PAIR_0424,RES_WEB_0170,JOB_WEB_0029,LOW,0,0.03128433421576532,4,5,2,3,0.2857142857142857,0.4,1,0,1,0,0,0,0,0,1,0,0,162,115,22,15,1.4666656888895409
PAIR_0425,RES_WEB_0170,JOB_WEB_0030,LOW,0,0.10872794455033823,4,6,4,2,0.6666666666666666,0.6666666666666666,1,0,1,0,0,1,0,0,0,0,1,162,148,22,21,1.047618548753072
PAIR_0426,RES_WEB_0171,JOB_WEB_0046,HIGH,2,0.20702610460433737,5,6,5,1,0.8333333333333334,0.8333333333333334,1,0,0,0,0,1,0,0,0,0,1,162,148,23,21,1.0952375736963935
PAIR_0427,RES_WEB_0171,JOB_WEB_0047,LOW,0,0.037093290801320386,5,5,2,3,0.25,0.4,1,0,0,0,0,0,0,0,1,0,0,162,115,23,15,1.5333323111117927
PAIR_0428,RES_WEB_0171,JOB_DEV_0085,LOW,0,0.0037499505341221113,5,4,0,4,0.0,0.0,1,0,0,0,0,0,0,0,1,0,0,162,132,23,18,1.277777067901629
PAIR_0429,RES_WEB_0172,JOB_WEB_0035,HIGH,2,0.23275403874647974,5,5,4,1,0.6666666666666666,0.8,1,0,0,1,0,0,0,0,1,0,1,162,115,22,15,1.4666656888895409
PAIR_0430,RES_WEB_0172,JOB_WEB_0036,MEDIUM,1,0.03256131192510107,5,6,1,5,0.1,0.16666666666666666,1,0,0,1,0,1,0,0,0,0,1,162,148,22,21,1.047618548753072
PAIR_0431,RES_WEB_0173,JOB_WEB_0041,LOW,0,0.017984897317778314,3,5,1,4,0.14285714285714285,0.2,0,0,0,0,0,0,0,0,1,0,0,153,115,21,15,1.399999066667289
PAIR_0432,RES_WEB_0173,JOB_WEB_0042,LOW,0,0.022234603231271396,3,6,1,5,0.125,0.16666666666666666,0,0,0,0,0,1,0,0,0,0,0,153,148,21,21,0.9999995238097505
PAIR_0433,RES_WEB_0173,JOB_DAT_0057,LOW,0,0.006226295804989712,3,4,0,4,0.0,0.0,0,0,0,0,0,0,0,0,1,0,0,153,119,21,17,1.2352933910038877
PAIR_0434,RES_WEB_0174,JOB_WEB_0034,LOW,0,0.11043250290446469,4,6,4,2,0.6666666666666666,0.6666666666666666,1,0,1,0,0,1,0,0,0,0,1,162,148,22,21,1.047618548753072
PAIR_0435,RES_WEB_0174,JOB_WEB_0035,LOW,0,0.032679956560106346,4,5,2,3,0.2857142857142857,0.4,1,0,1,0,0,0,0,0,1,0,0,162,115,22,15,1.4666656888895409
PAIR_0436,RES_WEB_0175,JOB_WEB_0035,LOW,0,0.03775585983497415,5,5,2,3,0.25,0.4,1,0,0,0,0,0,0,0,1,0,0,162,115,23,15,1.5333323111117927
PAIR_0437,RES_WEB_0175,JOB_WEB_0036,HIGH,2,0.21141557331144933,5,6,5,1,0.8333333333333334,0.8333333333333334,1,0,0,0,0,1,0,0,0,0,1,162,148,23,21,1.0952375736963935
PAIR_0438,RES_WEB_0175,JOB_DEV_0086,LOW,0,0.018948125240184337,5,4,0,4,0.0,0.0,1,0,0,0,0,1,0,0,0,0,1,162,124,23,18,1.277777067901629
PAIR_0441,RES_WEB_0177,JOB_WEB_0040,LOW,0,0.022170067918669944,3,6,1,5,0.125,0.16666666666666666,0,0,0,0,0,1,0,0,0,0,0,153,148,21,21,0.9999995238097505
PAIR_0442,RES_WEB_0177,JOB_WEB_0041,LOW,0,0.017984897317778314,3,5,1,4,0.14285714285714285,0.2,0,0,0,0,0,0,0,0,1,0,0,153,115,21,15,1.399999066667289
PAIR_0443,RES_WEB_0177,JOB_DAT_0073,LOW,0,0.006207780836564258,3,4,0,4,0.0,0.0,0,0,0,0,0,0,0,0,1,0,0,153,119,21,17,1.2352933910038877
PAIR_0444,RES_WEB_0178,JOB_WEB_0041,LOW,0,0.03103325464867112,4,5,2,3,0.2857142857142857,0.4,1,0,1,0,0,0,0,0,1,0,0,162,115,22,15,1.4666656888895409
PAIR_0445,RES_WEB_0178,JOB_WEB_0042,LOW,0,0.11194103427914046,4,6,4,2,0.6666666666666666,0.6666666666666666,1,0,1,0,0,1,0,0,0,0,1,162,148,22,21,1.047618548753072
PAIR_0446,RES_WEB_0179,JOB_WEB_0033,LOW,0,0.03775585983497415,5,5,2,3,0.25,0.4,1,0,0,0,0,0,0,0,1,0,0,162,115,23,15,1.5333323111117927
PAIR_0447,RES_WEB_0179,JOB_WEB_0034,HIGH,2,0.20702610460433737,5,6,5,1,0.8333333333333334,0.8333333333333334,1,0,0,0,0,1,0,0,0,0,1,162,148,23,21,1.0952375736963935
PAIR_0448,RES_WEB_0179,JOB_QA _0125,LOW,0,0.015359948159661472,5,4,0,4,0.0,0.0,1,0,0,0,0,0,0,0,1,0,0,162,126,23,19,1.2105256786706955
PAIR_0449,RES_WEB_0180,JOB_WEB_0032,MEDIUM,1,0.03256131192510107,5,6,1,5,0.1,0.16666666666666666,1,0,0,1,0,1,0,0,0,0,1,162,148,22,21,1.047618548753072
PAIR_0450,RES_WEB_0180,JOB_WEB_0033,HIGH,2,0.23275403874647974,5,5,4,1,0.6666666666666666,0.8,1,0,0,1,0,0,0,0,1,0,1,162,115,22,15,1.4666656888895409
PAIR_0451,RES_WEB_0181,JOB_WEB_0045,LOW,0,0.018674064336455434,3,5,1,4,0.14285714285714285,0.2,0,0,0,0,0,0,0,0,1,0,0,153,115,21,15,1.399999066667289
PAIR_0452,RES_WEB_0181,JOB_WEB_0046,LOW,0,0.021934966937986848,3,6,1,5,0.125,0.16666666666666666,0,0,0,0,0,1,0,0,0,0,0,153,148,21,21,0.9999995238097505
PAIR_0453,RES_WEB_0181,JOB_DAT_0066,LOW,0,0.019623273714061744,3,3,0,3,0.0,0.0,0,0,0,0,0,1,0,0,0,0,0,153,130,21,17,1.2352933910038877
PAIR_0454,RES_WEB_0182,JOB_WEB_0039,LOW,0,0.03251685565559154,4,5,2,3,0.2857142857142857,0.4,1,0,1,0,0,0,0,0,1,0,0,162,115,22,15,1.4666656888895409
PAIR_0455,RES_WEB_0182,JOB_WEB_0040,LOW,0,0.11161612856506083,4,6,4,2,0.6666666666666666,0.6666666666666666,1,0,1,0,0,1,0,0,0,0,1,162,148,22,21,1.047618548753072
PAIR_0456,RES_WEB_0183,JOB_WEB_0032,HIGH,2,0.21141557331144933,5,6,5,1,0.8333333333333334,0.8333333333333334,1,0,0,0,0,1,0,0,0,0,1,162,148,23,21,1.0952375736963935
PAIR_0457,RES_WEB_0183,JOB_WEB_0033,HIGH,2,0.03775585983497415,5,5,2,3,0.25,0.4,1,0,0,0,0,0,0,0,1,0,0,162,115,23,15,1.5333323111117927
PAIR_0458,RES_WEB_0183,JOB_SOF_0011,LOW,0,0.07177510066109831,5,3,0,3,0.0,0.0,1,0,0,0,0,1,0,0,0,0,1,162,125,23,21,1.0952375736963935
PAIR_0459,RES_WEB_0184,JOB_WEB_0035,HIGH,2,0.23275403874647974,5,5,4,1,0.6666666666666666,0.8,1,0,0,1,0,0,0,0,1,0,1,162,115,22,15,1.4666656888895409
PAIR_0460,RES_WEB_0184,JOB_WEB_0036,MEDIUM,1,0.03256131192510107,5,6,1,5,0.1,0.16666666666666666,1,0,0,1,0,1,0,0,0,0,1,162,148,22,21,1.047618548753072
PAIR_0461,RES_WEB_0185,JOB_WEB_0037,LOW,0,0.018358154775308378,3,5,1,4,0.14285714285714285,0.2,0,0,0,0,0,0,0,0,1,0,0,153,115,21,15,1.399999066667289
PAIR_0462,RES_WEB_0185,JOB_WEB_0038,LOW,0,0.021596394233771504,3,6,1,5,0.125,0.16666666666666666,0,0,0,0,0,1,0,0,0,0,0,153,148,21,21,0.9999995238097505
PAIR_0463,RES_WEB_0185,JOB_SOF_0007,LOW,0,0.014385053578867373,3,3,0,3,0.0,0.0,0,0,0,0,0,1,0,0,0,0,0,153,124,21,21,0.9999995238097505
PAIR_0464,RES_WEB_0186,JOB_WEB_0044,LOW,0,0.11194103427914046,4,6,4,2,0.6666666666666666,0.6666666666666666,1,0,1,0,0,1,0,0,0,0,1,162,148,22,21,1.047618548753072
PAIR_0465,RES_WEB_0186,JOB_WEB_0045,LOW,0,0.03222242438415419,4,5,2,3,0.2857142857142857,0.4,1,0,1,0,0,0,0,0,1,0,0,162,115,22,15,1.4666656888895409
PAIR_0466,RES_WEB_0187,JOB_WEB_0043,LOW,0,0.037567425836339756,5,5,2,3,0.25,0.4,1,0,0,0,0,0,0,0,1,0,0,162,115,23,15,1.5333323111117927
PAIR_0467,RES_WEB_0187,JOB_WEB_0044,HIGH,2,0.2098541250327318,5,6,5,1,0.8333333333333334,0.8333333333333334,1,0,0,0,0,1,0,0,0,0,1,162,148,23,21,1.0952375736963935
PAIR_0468,RES_WEB_0187,JOB_DEV_0093,LOW,0,0.0037654994191765197,5,4,0,4,0.0,0.0,1,0,0,0,0,0,0,0,1,0,0,162,132,23,18,1.277777067901629
PAIR_0474,RES_WEB_0190,JOB_WEB_0036,LOW,0,0.11277394683335289,4,6,4,2,0.6666666666666666,0.6666666666666666,1,0,1,0,0,1,0,0,0,0,1,162,148,22,21,1.047618548753072
PAIR_0475,RES_WEB_0190,JOB_WEB_0037,LOW,0,0.03167731691515933,4,5,2,3,0.2857142857142857,0.4,1,0,1,0,0,0,0,0,1,0,0,162,115,22,15,1.4666656888895409
PAIR_0476,RES_WEB_0191,JOB_WEB_0042,HIGH,2,0.2098541250327318,5,6,5,1,0.8333333333333334,0.8333333333333334,1,0,0,0,0,1,0,0,0,0,1,162,148,23,21,1.0952375736963935
PAIR_0477,RES_WEB_0191,JOB_WEB_0043,LOW,0,0.037567425836339756,5,5,2,3,0.25,0.4,1,0,0,0,0,0,0,0,1,0,0,162,115,23,15,1.5333323111117927
PAIR_0478,RES_WEB_0191,JOB_SOF_0020,LOW,0,0.027674497445612872,5,4,0,4,0.0,0.0,1,0,0,0,0,1,0,0,0,0,1,162,129,23,20,1.1499994250002876
PAIR_0479,RES_WEB_0192,JOB_WEB_0039,HIGH,2,0.23159239723146718,5,5,4,1,0.6666666666666666,0.8,1,0,0,1,0,0,0,0,1,0,1,162,115,22,15,1.4666656888895409
PAIR_0480,RES_WEB_0192,JOB_WEB_0040,MEDIUM,1,0.032227014129865186,5,6,1,5,0.1,0.16666666666666666,1,0,0,1,0,1,0,0,0,0,1,162,148,22,21,1.047618548753072
PAIR_0481,RES_WEB_0193,JOB_WEB_0026,MEDIUM,1,0.021837413336795456,3,6,1,5,0.125,0.16666666666666666,0,0,0,0,0,1,0,0,0,0,0,153,148,21,21,0.9999995238097505
PAIR_0482,RES_WEB_0193,JOB_WEB_0027,LOW,0,0.017984897317778314,3,5,1,4,0.14285714285714285,0.2,0,0,0,0,0,0,0,0,1,0,0,153,115,21,15,1.399999066667289
PAIR_0483,RES_WEB_0193,JOB_QA _0116,LOW,0,0.004687464753296979,3,4,0,4,0.0,0.0,0,0,0,0,0,0,0,0,0,0,0,153,146,21,20,1.0499994750002626
PAIR_0486,RES_WEB_0195,JOB_WEB_0044,HIGH,2,0.2098541250327318,5,6,5,1,0.8333333333333334,0.8333333333333334,1,0,0,0,0,1,0,0,0,0,1,162,148,23,21,1.0952375736963935
PAIR_0487,RES_WEB_0195,JOB_WEB_0045,LOW,0,0.03722726302752525,5,5,2,3,0.25,0.4,1,0,0,0,0,0,0,0,1,0,0,162,115,23,15,1.5333323111117927
PAIR_0488,RES_WEB_0195,JOB_SOF_0020,LOW,0,0.027674497445612872,5,4,0,4,0.0,0.0,1,0,0,0,0,1,0,0,0,0,1,162,129,23,20,1.1499994250002876
PAIR_0494,RES_WEB_0198,JOB_WEB_0039,LOW,0,0.03251685565559154,4,5,2,3,0.2857142857142857,0.4,1,0,1,0,0,0,0,0,1,0,0,162,115,22,15,1.4666656888895409
PAIR_0495,RES_WEB_0198,JOB_WEB_0040,LOW,0,0.11161612856506083,4,6,4,2,0.6666666666666666,0.6666666666666666,1,0,1,0,0,1,0,0,0,0,1,162,148,22,21,1.047618548753072
PAIR_0499,RES_WEB_0200,JOB_WEB_0044,MEDIUM,1,0.03232082441672185,5,6,1,5,0.1,0.16666666666666666,1,0,0,1,0,1,0,0,0,0,1,162,148,22,21,1.047618548753072
PAIR_0500,RES_WEB_0200,JOB_WEB_0045,HIGH,2,0.22949539115270262,5,5,4,1,0.6666666666666666,0.8,1,0,0,1,0,0,0,0,1,0,1,162,115,22,15,1.4666656888895409
PAIR_0501,RES_WEB_0201,JOB_WEB_0048,LOW,0,0.02202161540644993,3,6,1,5,0.125,0.16666666666666666,0,0,0,0,0,1,0,0,0,0,0,153,148,21,21,0.9999995238097505
PAIR_0502,RES_WEB_0201,JOB_WEB_0049,LOW,0,0.017984897317778314,3,5,1,4,0.14285714285714285,0.2,0,0,0,0,0,0,0,0,1,0,0,153,115,21,15,1.399999066667289
PAIR_0503,RES_WEB_0201,JOB_QA _0115,LOW,0,0.018734338561085417,3,4,0,4,0.0,0.0,0,0,0,0,0,0,0,0,1,0,0,153,126,21,19,1.1052625761775916
PAIR_0504,RES_WEB_0202,JOB_WEB_0035,LOW,0,0.032679956560106346,4,5,2,3,0.2857142857142857,0.4,1,0,1,0,0,0,0,0,1,0,0,162,115,22,15,1.4666656888895409
PAIR_0505,RES_WEB_0202,JOB_WEB_0036,LOW,0,0.11277394683335289,4,6,4,2,0.6666666666666666,0.6666666666666666,1,0,1,0,0,1,0,0,0,0,1,162,148,22,21,1.047618548753072
PAIR_0514,RES_WEB_0206,JOB_WEB_0042,LOW,0,0.11194103427914046,4,6,4,2,0.6666666666666666,0.6666666666666666,1,0,1,0,0,1,0,0,0,0,1,162,148,22,21,1.047618548753072
PAIR_0515,RES_WEB_0206,JOB_WEB_0043,LOW,0,0.03251685565559154,4,5,2,3,0.2857142857142857,0.4,1,0,1,0,0,0,0,0,1,0,0,162,115,22,15,1.4666656888895409
PAIR_0516,RES_WEB_0207,JOB_WEB_0028,HIGH,2,0.2023722827699086,5,6,5,1,0.8333333333333334,0.8333333333333334,1,0,0,0,0,1,0,0,0,0,1,162,148,23,21,1.0952375736963935
PAIR_0517,RES_WEB_0207,JOB_WEB_0029,LOW,0,0.03614346718939082,5,5,2,3,0.25,0.4,1,0,0,0,0,0,0,0,1,0,0,162,115,23,15,1.5333323111117927
PAIR_0518,RES_WEB_0207,JOB_DEV_0091,LOW,0,0.0037654994191765197,5,4,0,4,0.0,0.0,1,0,0,0,0,0,0,0,1,0,0,162,132,23,18,1.277777067901629
PAIR_0519,RES_WEB_0208,JOB_WEB_0039,HIGH,2,0.23159239723146718,5,5,4,1,0.6666666666666666,0.8,1,0,0,1,0,0,0,0,1,0,1,162,115,22,15,1.4666656888895409
PAIR_0520,RES_WEB_0208,JOB_WEB_0040,MEDIUM,1,0.032227014129865186,5,6,1,5,0.1,0.16666666666666666,1,0,0,1,0,1,0,0,0,0,1,162,148,22,21,1.047618548753072
PAIR_0521,RES_WEB_0209,JOB_WEB_0035,LOW,0,0.01893922083702994,3,5,1,4,0.14285714285714285,0.2,0,0,0,0,0,0,0,0,1,0,0,153,115,21,15,1.399999066667289
PAIR_0522,RES_WEB_0209,JOB_WEB_0036,LOW,0,0.022400042833366524,3,6,1,5,0.125,0.16666666666666666,0,0,0,0,0,1,0,0,0,0,0,153,148,21,21,0.9999995238097505
PAIR_0523,RES_WEB_0209,JOB_DEV_0100,LOW,0,0.022421451650951923,3,4,0,4,0.0,0.0,0,0,0,0,0,1,0,0,0,0,0,153,125,21,18,1.1666660185188786
PAIR_0526,RES_WEB_0211,JOB_WEB_0045,LOW,0,0.03722726302752525,5,5,2,3,0.25,0.4,1,0,0,0,0,0,0,0,1,0,0,162,115,23,15,1.5333323111117927
PAIR_0527,RES_WEB_0211,JOB_WEB_0046,HIGH,2,0.20702610460433737,5,6,5,1,0.8333333333333334,0.8333333333333334,1,0,0,0,0,1,0,0,0,0,1,162,148,23,21,1.0952375736963935
PAIR_0528,RES_WEB_0211,JOB_DEV_0081,LOW,0,0.004001276445917743,5,4,0,4,0.0,0.0,1,0,0,0,0,0,0,0,1,0,0,162,132,23,18,1.277777067901629
PAIR_0531,RES_WEB_0213,JOB_WEB_0031,LOW,0,0.018450607230528944,3,5,1,4,0.14285714285714285,0.2,0,0,0,0,0,0,0,0,1,0,0,153,115,21,15,1.399999066667289
PAIR_0532,RES_WEB_0213,JOB_WEB_0032,LOW,0,0.022400042833366524,3,6,1,5,0.125,0.16666666666666666,0,0,0,0,0,1,0,0,0,0,0,153,148,21,21,0.9999995238097505
PAIR_0533,RES_WEB_0213,JOB_SOF_0001,LOW,0,0.014385053578867373,3,3,0,3,0.0,0.0,0,0,0,0,0,1,0,0,0,0,0,153,124,21,21,0.9999995238097505
PAIR_0534,RES_WEB_0214,JOB_WEB_0038,LOW,0,0.10872794455033823,4,6,4,2,0.6666666666666666,0.6666666666666666,1,0,1,0,0,1,0,0,0,0,1,162,148,22,21,1.047618548753072
PAIR_0535,RES_WEB_0214,JOB_WEB_0039,LOW,0,0.03251685565559154,4,5,2,3,0.2857142857142857,0.4,1,0,1,0,0,0,0,0,1,0,0,162,115,22,15,1.4666656888895409
PAIR_0539,RES_WEB_0216,JOB_WEB_0035,HIGH,2,0.23275403874647974,5,5,4,1,0.6666666666666666,0.8,1,0,0,1,0,0,0,0,1,0,1,162,115,22,15,1.4666656888895409
PAIR_0540,RES_WEB_0216,JOB_WEB_0036,MEDIUM,1,0.03256131192510107,5,6,1,5,0.1,0.16666666666666666,1,0,0,1,0,1,0,0,0,0,1,162,148,22,21,1.047618548753072
PAIR_0541,RES_WEB_0217,JOB_WEB_0039,LOW,0,0.01884469794365816,3,5,1,4,0.14285714285714285,0.2,0,0,0,0,0,0,0,0,1,0,0,153,115,21,15,1.399999066667289
PAIR_0542,RES_WEB_0217,JOB_WEB_0040,LOW,0,0.022170067918669944,3,6,1,5,0.125,0.16666666666666666,0,0,0,0,0,1,0,0,0,0,0,153,148,21,21,0.9999995238097505
PAIR_0543,RES_WEB_0217,JOB_SOF_0019,LOW,0,0.012776232929224387,3,3,0,3,0.0,0.0,0,0,0,0,0,1,0,0,0,0,0,153,125,21,21,0.9999995238097505
PAIR_0546,RES_WEB_0219,JOB_WEB_0032,HIGH,2,0.21141557331144933,5,6,5,1,0.8333333333333334,0.8333333333333334,1,0,0,0,0,1,0,0,0,0,1,162,148,23,21,1.0952375736963935
PAIR_0547,RES_WEB_0219,JOB_WEB_0033,LOW,0,0.03775585983497415,5,5,2,3,0.25,0.4,1,0,0,0,0,0,0,0,1,0,0,162,115,23,15,1.5333323111117927
PAIR_0548,RES_WEB_0219,JOB_QA _0112,LOW,0,0.003476179520937028,5,4,0,4,0.0,0.0,1,0,0,0,0,0,0,0,0,0,0,162,146,23,20,1.1499994250002876
PAIR_0549,RES_WEB_0220,JOB_WEB_0028,MEDIUM,1,0.03116850344112701,5,6,1,5,0.1,0.16666666666666666,1,0,0,1,0,1,0,0,0,0,1,162,148,22,21,1.047618548753072
PAIR_0550,RES_WEB_0220,JOB_WEB_0029,HIGH,2,0.22281410089458112,5,5,4,1,0.6666666666666666,0.8,1,0,0,1,0,0,0,0,1,0,1,162,115,22,15,1.4666656888895409
PAIR_0554,RES_WEB_0222,JOB_WEB_0042,LOW,0,0.11194103427914046,4,6,4,2,0.6666666666666666,0.6666666666666666,1,0,1,0,0,1,0,0,0,0,1,162,148,22,21,1.047618548753072
PAIR_0555,RES_WEB_0222,JOB_WEB_0043,LOW,0,0.03251685565559154,4,5,2,3,0.2857142857142857,0.4,1,0,1,0,0,0,0,0,1,0,0,162,115,22,15,1.4666656888895409
PAIR_0556,RES_WEB_0223,JOB_WEB_0038,HIGH,2,0.20383059543045892,5,6,5,1,0.8333333333333334,0.8333333333333334,1,0,0,0,0,1,0,0,0,0,1,162,148,23,21,1.0952375736963935
PAIR_0557,RES_WEB_0223,JOB_WEB_0039,LOW,0,0.037567425836339756,5,5,2,3,0.25,0.4,1,0,0,0,0,0,0,0,1,0,0,162,115,23,15,1.5333323111117927
PAIR_0558,RES_WEB_0223,JOB_DAT_0062,LOW,0,0.008919444861085814,5,3,0,3,0.0,0.0,1,0,0,0,0,1,0,0,0,0,1,162,130,23,17,1.3529403806233056
PAIR_0561,RES_WEB_0225,JOB_WEB_0033,LOW,0,0.01893922083702994,3,5,1,4,0.14285714285714285,0.2,0,0,0,0,0,0,0,0,1,0,0,153,115,21,15,1.399999066667289
PAIR_0562,RES_WEB_0225,JOB_WEB_0034,LOW,0,0.021934966937986848,3,6,1,5,0.125,0.16666666666666666,0,0,0,0,0,1,0,0,0,0,0,153,148,21,21,0.9999995238097505
PAIR_0563,RES_WEB_0225,JOB_DEV_0079,LOW,0,0.005076299073518962,3,4,0,4,0.0,0.0,0,0,0,0,0,0,0,0,1,0,0,153,132,21,18,1.1666660185188786
PAIR_0569,RES_WEB_0228,JOB_WEB_0045,HIGH,2,0.22949539115270262,5,5,4,1,0.6666666666666666,0.8,1,0,0,1,0,0,0,0,1,0,1,162,115,22,15,1.4666656888895409
PAIR_0570,RES_WEB_0228,JOB_WEB_0046,MEDIUM,1,0.03188526494559503,5,6,1,5,0.1,0.16666666666666666,1,0,0,1,0,1,0,0,0,0,1,162,148,22,21,1.047618548753072
PAIR_0571,RES_WEB_0229,JOB_WEB_0033,LOW,0,0.01893922083702994,3,5,1,4,0.14285714285714285,0.2,0,0,0,0,0,0,0,0,1,0,0,153,115,21,15,1.399999066667289
PAIR_0572,RES_WEB_0229,JOB_WEB_0034,LOW,0,0.021934966937986848,3,6,1,5,0.125,0.16666666666666666,0,0,0,0,0,1,0,0,0,0,0,153,148,21,21,0.9999995238097505
PAIR_0573,RES_WEB_0229,JOB_DEV_0082,LOW,0,0.022421451650951923,3,4,0,4,0.0,0.0,0,0,0,0,0,1,0,0,0,0,0,153,124,21,18,1.1666660185188786
PAIR_0579,RES_WEB_0232,JOB_WEB_0039,HIGH,2,0.23159239723146718,5,5,4,1,0.6666666666666666,0.8,1,0,0,1,0,0,0,0,1,0,1,162,115,22,15,1.4666656888895409
PAIR_0580,RES_WEB_0232,JOB_WEB_0040,MEDIUM,1,0.032227014129865186,5,6,1,5,0.1,0.16666666666666666,1,0,0,1,0,1,0,0,0,0,1,162,148,22,21,1.047618548753072
PAIR_0581,RES_WEB_0233,JOB_WEB_0035,LOW,0,0.01893922083702994,3,5,1,4,0.14285714285714285,0.2,0,0,0,0,0,0,0,0,1,0,0,153,115,21,15,1.399999066667289
PAIR_0582,RES_WEB_0233,JOB_WEB_0036,LOW,0,0.022400042833366524,3,6,1,5,0.125,0.16666666666666666,0,0,0,0,0,1,0,0,0,0,0,153,148,21,21,0.9999995238097505
PAIR_0583,RES_WEB_0233,JOB_SOF_0019,LOW,0,0.012776232929224387,3,3,0,3,0.0,0.0,0,0,0,0,0,1,0,0,0,0,0,153,125,21,21,0.9999995238097505
PAIR_0584,RES_WEB_0234,JOB_WEB_0050,LOW,0,0.10699013467234345,4,6,4,2,0.6666666666666666,0.6666666666666666,1,0,1,0,0,1,0,0,0,0,1,162,148,22,21,1.047618548753072
PAIR_0585,RES_WEB_0234,JOB_WEB_0026,LOW,0,0.10994136524388073,4,6,4,2,0.6666666666666666,0.6666666666666666,1,0,1,0,0,1,0,0,0,0,1,162,148,22,21,1.047618548753072
PAIR_0586,RES_WEB_0235,JOB_WEB_0033,LOW,0,0.03775585983497415,5,5,2,3,0.25,0.4,1,0,0,0,0,0,0,0,1,0,0,162,115,23,15,1.5333323111117927
PAIR_0587,RES_WEB_0235,JOB_WEB_0034,HIGH,2,0.20702610460433737,5,6,5,1,0.8333333333333334,0.8333333333333334,1,0,0,0,0,1,0,0,0,0,1,162,148,23,21,1.0952375736963935
PAIR_0588,RES_WEB_0235,JOB_DAT_0067,LOW,0,0.015833812469815498,5,4,0,4,0.0,0.0,1,0,0,0,0,0,0,0,1,0,0,162,119,23,17,1.3529403806233056
PAIR_0589,RES_WEB_0236,JOB_WEB_0032,MEDIUM,1,0.03256131192510107,5,6,1,5,0.1,0.16666666666666666,1,0,0,1,0,1,0,0,0,0,1,162,148,22,21,1.047618548753072
PAIR_0590,RES_WEB_0236,JOB_WEB_0033,HIGH,2,0.23275403874647974,5,5,4,1,0.6666666666666666,0.8,1,0,0,1,0,0,0,0,1,0,1,162,115,22,15,1.4666656888895409
PAIR_0591,RES_DAT_0237,JOB_DAT_0061,HIGH,2,0.29677171924440443,4,4,4,0,1.0,1.0,1,0,0,0,0,0,0,0,1,0,0,173,119,25,17,1.4705873702427235
PAIR_0592,RES_DAT_0237,JOB_DAT_0062,LOW,0,0.02119946092375386,4,3,1,2,0.16666666666666666,0.3333333333333333,1,0,0,0,0,1,0,0,0,0,1,173,130,25,17,1.4705873702427235
PAIR_0593,RES_DAT_0237,JOB_WEB_0030,LOW,0,0.03196990247440975,4,6,0,6,0.0,0.0,1,0,0,0,0,1,0,0,0,0,1,173,148,25,21,1.1904756235830365
PAIR_0594,RES_DAT_0238,JOB_DAT_0057,MEDIUM,1,0.05930951389742884,5,4,2,2,0.2857142857142857,0.5,0,0,0,0,0,0,0,0,1,0,0,151,119,21,17,1.2352933910038877
PAIR_0595,RES_DAT_0238,JOB_DAT_0058,HIGH,2,0.35298078023082596,5,3,3,0,0.6,1.0,0,0,0,0,0,1,0,0,0,0,0,151,130,21,17,1.2352933910038877
PAIR_0596,RES_DAT_0239,JOB_DAT_0063,MEDIUM,1,0.04526903218245866,2,4,1,3,0.2,0.25,1,0,0,1,0,0,0,0,1,0,1,148,119,19,17,1.1176464013844698
PAIR_0597,RES_DAT_0239,JOB_DAT_0064,MEDIUM,1,0.08810087012913859,2,3,2,1,0.6666666666666666,0.6666666666666666,1,0,0,1,0,1,0,0,0,0,1,148,130,19,17,1.1176464013844698
PAIR_0598,RES_DAT_0239,JOB_SOF_0008,LOW,0,0.028022716835799894,2,4,0,4,0.0,0.0,1,0,0,1,0,1,0,0,0,0,1,148,128,19,20,0.9499995250002375
PAIR_0604,RES_DAT_0242,JOB_DAT_0056,HIGH,2,0.3514089583551363,5,3,3,0,0.6,1.0,0,0,0,0,0,1,0,0,0,0,0,151,130,21,17,1.2352933910038877
PAIR_0605,RES_DAT_0242,JOB_DAT_0057,MEDIUM,1,0.05930951389742884,5,4,2,2,0.2857142857142857,0.5,0,0,0,0,0,0,0,0,1,0,0,151,119,21,17,1.2352933910038877
PAIR_0606,RES_DAT_0243,JOB_DAT_0053,MEDIUM,1,0.04596616656024936,2,4,1,3,0.2,0.25,1,0,0,1,0,0,0,0,1,0,1,148,119,19,17,1.1176464013844698
PAIR_0607,RES_DAT_0243,JOB_DAT_0054,MEDIUM,1,0.08859433545254829,2,3,2,1,0.6666666666666666,0.6666666666666666,1,0,0,1,0,1,0,0,0,0,1,148,130,19,17,1.1176464013844698
PAIR_0608,RES_DAT_0243,JOB_DEV_0082,LOW,0,0.01977908478610388,2,4,0,4,0.0,0.0,1,0,0,1,0,1,0,0,0,0,1,148,124,19,18,1.0555549691361283
PAIR_0611,RES_DAT_0245,JOB_DAT_0066,LOW,0,0.02119946092375386,4,3,1,2,0.16666666666666666,0.3333333333333333,1,0,0,0,0,1,0,0,0,0,1,173,130,25,17,1.4705873702427235
PAIR_0612,RES_DAT_0245,JOB_DAT_0067,HIGH,2,0.30397280942371857,4,4,4,0,1.0,1.0,1,0,0,0,0,0,0,0,1,0,0,173,119,25,17,1.4705873702427235
PAIR_0613,RES_DAT_0245,JOB_WEB_0027,LOW,0,0.0065230290693123125,4,5,0,5,0.0,0.0,1,0,0,0,0,0,0,0,1,0,0,173,115,25,15,1.6666655555562964
PAIR_0614,RES_DAT_0246,JOB_DAT_0072,HIGH,2,0.3542893751230857,5,3,3,0,0.6,1.0,0,0,0,0,0,1,0,0,0,0,0,151,130,21,17,1.2352933910038877
PAIR_0615,RES_DAT_0246,JOB_DAT_0073,MEDIUM,1,0.059133146790639635,5,4,2,2,0.2857142857142857,0.5,0,0,0,0,0,0,0,0,1,0,0,151,119,21,17,1.2352933910038877
PAIR_0616,RES_DAT_0247,JOB_DAT_0056,MEDIUM,1,0.08859433545254829,2,3,2,1,0.6666666666666666,0.6666666666666666,1,0,0,1,0,1,0,0,0,0,1,148,130,19,17,1.1176464013844698
PAIR_0617,RES_DAT_0247,JOB_DAT_0057,MEDIUM,1,0.04596616656024936,2,4,1,3,0.2,0.25,1,0,0,1,0,0,0,0,1,0,1,148,119,19,17,1.1176464013844698
PAIR_0618,RES_DAT_0247,JOB_QA _0121,LOW,0,0.0032748467551564765,2,4,0,4,0.0,0.0,1,0,0,1,0,0,0,0,1,0,1,148,126,19,19,0.9999994736844876
PAIR_0619,RES_DAT_0248,JOB_DAT_0067,MEDIUM,1,0.20461188689250834,2,4,2,2,0.5,0.5,0,0,0,1,0,0,0,0,1,0,1,156,119,22,17,1.2941168858135965
PAIR_0620,RES_DAT_0248,JOB_DAT_0068,LOW,0,0.08504688217908783,2,3,1,2,0.25,0.3333333333333333,0,0,0,1,0,1,0,0,0,0,0,156,130,22,17,1.2941168858135965
PAIR_0621,RES_DAT_0249,JOB_DAT_0069,HIGH,2,0.3012393138588028,4,4,4,0,1.0,1.0,1,0,0,0,0,0,0,0,1,0,0,173,119,25,17,1.4705873702427235
PAIR_0622,RES_DAT_0249,JOB_DAT_0070,LOW,0,0.02119946092375386,4,3,1,2,0.16666666666666666,0.3333333333333333,1,0,0,0,0,1,0,0,0,0,1,173,130,25,17,1.4705873702427235
PAIR_0623,RES_DAT_0249,JOB_QA _0107,LOW,0,0.008427902942963883,4,4,0,4,0.0,0.0,1,0,0,0,0,0,0,0,1,0,0,173,126,25,19,1.3157887811637994
PAIR_0624,RES_DAT_0250,JOB_DAT_0053,MEDIUM,1,0.05930951389742884,5,4,2,2,0.2857142857142857,0.5,0,0,0,0,0,0,0,0,1,0,0,151,119,21,17,1.2352933910038877
PAIR_0625,RES_DAT_0250,JOB_DAT_0054,HIGH,2,0.3514089583551363,5,3,3,0,0.6,1.0,0,0,0,0,0,1,0,0,0,0,0,151,130,21,17,1.2352933910038877
PAIR_0626,RES_DAT_0251,JOB_DAT_0067,MEDIUM,1,0.046087067099675354,2,4,1,3,0.2,0.25,1,0,0,1,0,0,0,0,1,0,1,148,119,19,17,1.1176464013844698
PAIR_0627,RES_DAT_0251,JOB_DAT_0068,MEDIUM,1,0.0893205224301864,2,3,2,1,0.6666666666666666,0.6666666666666666,1,0,0,1,0,1,0,0,0,0,1,148,130,19,17,1.1176464013844698
PAIR_0628,RES_DAT_0251,JOB_WEB_0030,LOW,0,0.026169432003492393,2,6,0,6,0.0,0.0,1,0,0,1,0,1,0,0,0,0,1,148,148,19,21,0.9047614739231077
PAIR_0631,RES_DAT_0253,JOB_DAT_0066,LOW,0,0.02119946092375386,4,3,1,2,0.16666666666666666,0.3333333333333333,1,0,0,0,0,1,0,0,0,0,1,173,130,25,17,1.4705873702427235
PAIR_0632,RES_DAT_0253,JOB_DAT_0067,HIGH,2,0.30397280942371857,4,4,4,0,1.0,1.0,1,0,0,0,0,0,0,0,1,0,0,173,119,25,17,1.4705873702427235
PAIR_0633,RES_DAT_0253,JOB_QA _0114,LOW,0,0.014159913634086837,4,4,1,3,0.14285714285714285,0.25,1,0,0,0,0,0,0,0,0,0,0,173,146,25,20,1.2499993750003124
PAIR_0634,RES_DAT_0254,JOB_DAT_0053,MEDIUM,1,0.05930951389742884,5,4,2,2,0.2857142857142857,0.5,0,0,0,0,0,0,0,0,1,0,0,151,119,21,17,1.2352933910038877
PAIR_0635,RES_DAT_0254,JOB_DAT_0054,HIGH,2,0.3514089583551363,5,3,3,0,0.6,1.0,0,0,0,0,0,1,0,0,0,0,0,151,130,21,17,1.2352933910038877
PAIR_0636,RES_DAT_0255,JOB_DAT_0068,MEDIUM,1,0.0893205224301864,2,3,2,1,0.6666666666666666,0.6666666666666666,1,0,0,1,0,1,0,0,0,0,1,148,130,19,17,1.1176464013844698
PAIR_0637,RES_DAT_0255,JOB_DAT_0069,MEDIUM,1,0.045672626104917395,2,4,1,3,0.2,0.25,1,0,0,1,0,0,0,0,1,0,1,148,119,19,17,1.1176464013844698
PAIR_0638,RES_DAT_0255,JOB_DEV_0078,LOW,0,0.020025432727375732,2,4,0,4,0.0,0.0,1,0,0,1,0,1,0,0,0,0,1,148,124,19,18,1.0555549691361283
PAIR_0639,RES_DAT_0256,JOB_DAT_0071,MEDIUM,1,0.20195738505097977,2,4,2,2,0.5,0.5,0,0,0,1,0,0,0,0,1,0,1,156,119,22,17,1.2941168858135965
PAIR_0640,RES_DAT_0256,JOB_DAT_0072,LOW,0,0.08504688217908783,2,3,1,2,0.25,0.3333333333333333,0,0,0,1,0,1,0,0,0,0,0,156,130,22,17,1.2941168858135965
PAIR_0644,RES_DAT_0258,JOB_DAT_0068,HIGH,2,0.3542893751230857,5,3,3,0,0.6,1.0,0,0,0,0,0,1,0,0,0,0,0,151,130,21,17,1.2352933910038877
PAIR_0645,RES_DAT_0258,JOB_DAT_0069,MEDIUM,1,0.05893076267630734,5,4,2,2,0.2857142857142857,0.5,0,0,0,0,0,0,0,0,1,0,0,151,119,21,17,1.2352933910038877
PAIR_0646,RES_DAT_0259,JOB_DAT_0071,MEDIUM,1,0.04548916339845487,2,4,1,3,0.2,0.25,1,0,0,1,0,0,0,0,1,0,1,148,119,19,17,1.1176464013844698
PAIR_0647,RES_DAT_0259,JOB_DAT_0072,MEDIUM,1,0.0893205224301864,2,3,2,1,0.6666666666666666,0.6666666666666666,1,0,0,1,0,1,0,0,0,0,1,148,130,19,17,1.1176464013844698
PAIR_0648,RES_DAT_0259,JOB_SOF_0016,LOW,0,0.024846596557464903,2,4,0,4,0.0,0.0,1,0,0,1,0,1,0,0,0,0,1,148,129,19,20,0.9499995250002375
PAIR_0649,RES_DAT_0260,JOB_DAT_0072,LOW,0,0.08504688217908783,2,3,1,2,0.25,0.3333333333333333,0,0,0,1,0,1,0,0,0,0,0,156,130,22,17,1.2941168858135965
PAIR_0650,RES_DAT_0260,JOB_DAT_0073,MEDIUM,1,0.20346827431835504,2,4,2,2,0.5,0.5,0,0,0,1,0,0,0,0,1,0,1,156,119,22,17,1.2941168858135965
PAIR_0651,RES_DAT_0261,JOB_DAT_0058,LOW,0,0.021413556550062503,4,3,1,2,0.16666666666666666,0.3333333333333333,1,0,0,0,0,1,0,0,0,0,1,173,130,25,17,1.4705873702427235
PAIR_0652,RES_DAT_0261,JOB_DAT_0059,HIGH,2,0.2944010439548813,4,4,4,0,1.0,1.0,1,0,0,0,0,0,0,0,1,0,0,173,119,25,17,1.4705873702427235
PAIR_0653,RES_DAT_0261,JOB_DEV_0076,LOW,0,0.034457973819969984,4,4,0,4,0.0,0.0,1,0,0,0,0,1,0,0,0,0,1,173,124,25,18,1.3888881172843792
PAIR_0654,RES_DAT_0262,JOB_DAT_0074,HIGH,2,0.3514089583551363,5,3,3,0,0.6,1.0,0,0,0,0,0,1,0,0,0,0,0,151,130,21,17,1.2352933910038877
PAIR_0655,RES_DAT_0262,JOB_DAT_0075,MEDIUM,1,0.05841001097686751,5,4,2,2,0.2857142857142857,0.5,0,0,0,0,0,0,0,0,1,0,0,151,119,21,17,1.2352933910038877
PAIR_0659,RES_DAT_0264,JOB_DAT_0052,LOW,0,0.08435544042923192,2,3,1,2,0.25,0.3333333333333333,0,0,0,1,0,1,0,0,0,0,0,156,130,22,17,1.2941168858135965
PAIR_0660,RES_DAT_0264,JOB_DAT_0053,MEDIUM,1,0.20407512703654324,2,4,2,2,0.5,0.5,0,0,0,1,0,0,0,0,1,0,1,156,119,22,17,1.2941168858135965
PAIR_0661,RES_DAT_0265,JOB_DAT_0068,LOW,0,0.02149294237585223,4,3,1,2,0.16666666666666666,0.3333333333333333,1,0,0,0,0,1,0,0,0,0,1,173,130,25,17,1.4705873702427235
PAIR_0662,RES_DAT_0265,JOB_DAT_0069,HIGH,2,0.3012393138588028,4,4,4,0,1.0,1.0,1,0,0,0,0,0,0,0,1,0,0,173,119,25,17,1.4705873702427235
PAIR_0663,RES_DAT_0265,JOB_WEB_0047,LOW,0,0.006748611979784218,4,5,0,5,0.0,0.0,1,0,0,0,0,0,0,0,1,0,0,173,115,25,15,1.6666655555562964
PAIR_0664,RES_DAT_0266,JOB_DAT_0068,HIGH,2,0.3542893751230857,5,3,3,0,0.6,1.0,0,0,0,0,0,1,0,0,0,0,0,151,130,21,17,1.2352933910038877
PAIR_0665,RES_DAT_0266,JOB_DAT_0069,MEDIUM,1,0.05893076267630734,5,4,2,2,0.2857142857142857,0.5,0,0,0,0,0,0,0,0,1,0,0,151,119,21,17,1.2352933910038877
PAIR_0666,RES_DAT_0267,JOB_DAT_0061,MEDIUM,1,0.04499526837296015,2,4,1,3,0.2,0.25,1,0,0,1,0,0,0,0,1,0,1,148,119,19,17,1.1176464013844698
PAIR_0667,RES_DAT_0267,JOB_DAT_0062,MEDIUM,1,0.08810087012913859,2,3,2,1,0.6666666666666666,0.6666666666666666,1,0,0,1,0,1,0,0,0,0,1,148,130,19,17,1.1176464013844698
PAIR_0668,RES_DAT_0267,JOB_QA _0119,LOW,0,0.0033242224692796034,2,4,0,4,0.0,0.0,1,0,0,1,0,0,0,0,1,0,1,148,126,19,19,0.9999994736844876
PAIR_0669,RES_DAT_0268,JOB_DAT_0053,MEDIUM,1,0.20407512703654324,2,4,2,2,0.5,0.5,0,0,0,1,0,0,0,0,1,0,1,156,119,22,17,1.2941168858135965
PAIR_0670,RES_DAT_0268,JOB_DAT_0054,LOW,0,0.08435544042923192,2,3,1,2,0.25,0.3333333333333333,0,0,0,1,0,1,0,0,0,0,0,156,130,22,17,1.2941168858135965
PAIR_0671,RES_DAT_0269,JOB_DAT_0073,HIGH,2,0.3022738508131649,4,4,4,0,1.0,1.0,1,0,0,0,0,0,0,0,1,0,0,173,119,25,17,1.4705873702427235
PAIR_0672,RES_DAT_0269,JOB_DAT_0074,LOW,0,0.021318202076088883,4,3,1,2,0.16666666666666666,0.3333333333333333,1,0,0,0,0,1,0,0,0,0,1,173,130,25,17,1.4705873702427235
PAIR_0673,RES_DAT_0269,JOB_WEB_0044,LOW,0,0.032914665715324115,4,6,0,6,0.0,0.0,1,0,0,0,0,1,0,0,0,0,1,173,148,25,21,1.1904756235830365
