pair_id,final_label,final_reason,review_status,adjudicator_id
PAIR_0001,,,PENDING,
PAIR_0002,,,PENDING,
PAIR_0003,,,PENDING,
PAIR_0004,,,PENDING,
PAIR_0005,,,PENDING,
PAIR_0006,,,PENDING,
PAIR_0007,,,PENDING,
PAIR_0008,,,PENDING,
PAIR_0009,,,PENDING,
PAIR_0010,,,PENDING,
PAIR_0011,,,PENDING,
PAIR_0012,,,PENDING,
PAIR_0013,,,PENDING,
PAIR_0014,,,PENDING,
PAIR_0015,,,PENDING,
PAIR_0016,,,PENDING,
PAIR_0017,,,PENDING,
PAIR_0018,,,PENDING,
PAIR_0019,,,PENDING,
PAIR_0020,,,PENDING,
PAIR_0021,,,PENDING,
PAIR_0022,,,PENDING,
PAIR_0023,,,PENDING,
PAIR_0024,,,PENDING,
PAIR_0025,,,PENDING,
PAIR_0026,,,PENDING,
PAIR_0027,,,PENDING,
PAIR_0028,,,PENDING,
PAIR_0029,,,PENDING,
PAIR_0030,,,PENDING,
PAIR_0031,,,PENDING,
PAIR_0032,,,PENDING,
PAIR_0033,,,PENDING,
PAIR_0034,,,PENDING,
PAIR_0035,,,PENDING,
PAIR_0036,,,PENDING,
PAIR_0037,,,PENDING,
PAIR_0038,,,PENDING,
PAIR_0039,,,PENDING,
PAIR_0040,,,PENDING,
PAIR_0041,,,PENDING,
PAIR_0042,,,PENDING,
PAIR_0043,,,PENDING,
PAIR_0044,,,PENDING,
PAIR_0045,,,PENDING,
PAIR_0046,,,PENDING,
PAIR_0047,,,PENDING,
PAIR_0048,,,PENDING,
PAIR_0049,,,PENDING,
PAIR_0050,,,PENDING,
PAIR_0051,,,PENDING,
PAIR_0052,,,PENDING,
PAIR_0053,,,PENDING,
PAIR_0054,,,PENDING,
PAIR_0055,,,PENDING,
PAIR_0056,,,PENDING,
PAIR_0057,,,PENDING,
PAIR_0058,,,PENDING,
PAIR_0059,,,PENDING,
PAIR_0060,,,PENDING,
PAIR_0061,,,PENDING,
PAIR_0062,,,PENDING,
PAIR_0063,,,PENDING,
PAIR_0064,,,PENDING,
PAIR_0065,,,PENDING,
PAIR_0066,,,PENDING,
PAIR_0067,,,PENDING,
PAIR_0068,,,PENDING,
PAIR_0069,,,PENDING,
PAIR_0070,,,PENDING,
PAIR_0071,,,PENDING,
PAIR_0072,,,PENDING,
PAIR_0073,,,PENDING,
PAIR_0074,,,PENDING,
PAIR_0075,,,PENDING,
PAIR_0076,,,PENDING,
PAIR_0077,,,PENDING,
PAIR_0078,,,PENDING,
PAIR_0079,,,PENDING,
PAIR_0080,,,PENDING,
PAIR_0081,,,PENDING,
PAIR_0082,,,PENDING,
PAIR_0083,,,PENDING,
PAIR_0084,,,PENDING,
PAIR_0085,,,PENDING,
PAIR_0086,,,PENDING,
PAIR_0087,,,PENDING,
PAIR_0088,,,PENDING,
PAIR_0089,,,PENDING,
PAIR_0090,,,PENDING,
PAIR_0091,,,PENDING,
PAIR_0092,,,PENDING,
PAIR_0093,,,PENDING,
PAIR_0094,,,PENDING,
PAIR_0095,,,PENDING,
PAIR_0096,,,PENDING,
PAIR_0097,,,PENDING,
PAIR_0098,,,PENDING,
PAIR_0099,,,PENDING,
PAIR_0100,,,PENDING,
PAIR_0101,,,PENDING,
PAIR_0102,,,PENDING,
PAIR_0103,,,PENDING,
PAIR_0104,,,PENDING,
PAIR_0105,,,PENDING,
PAIR_0106,,,PENDING,
PAIR_0107,,,PENDING,
PAIR_0108,,,PENDING,
PAIR_0109,,,PENDING,
PAIR_0110,,,PENDING,
PAIR_0111,,,PENDING,
PAIR_0112,,,PENDING,
PAIR_0113,,,PENDING,
PAIR_0114,,,PENDING,
PAIR_0115,,,PENDING,
PAIR_0116,,,PENDING,
PAIR_0117,,,PENDING,
PAIR_0118,,,PENDING,
PAIR_0119,,,PENDING,
PAIR_0120,,,PENDING,
PAIR_0121,,,PENDING,
PAIR_0122,,,PENDING,
PAIR_0123,,,PENDING,
PAIR_0124,,,PENDING,
PAIR_0125,,,PENDING,
PAIR_0126,,,PENDING,
PAIR_0127,,,PENDING,
PAIR_0128,,,PENDING,
PAIR_0129,,,PENDING,
PAIR_0130,,,PENDING,
PAIR_0131,,,PENDING,
PAIR_0132,,,PENDING,
PAIR_0133,,,PENDING,
PAIR_0134,,,PENDING,
PAIR_0135,,,PENDING,
PAIR_0136,,,PENDING,
PAIR_0137,,,PENDING,
PAIR_0138,,,PENDING,
PAIR_0139,,,PENDING,
PAIR_0140,,,PENDING,
PAIR_0141,,,PENDING,
PAIR_0142,,,PENDING,
PAIR_0143,,,PENDING,
PAIR_0144,,,PENDING,
PAIR_0145,,,PENDING,
PAIR_0146,,,PENDING,
PAIR_0147,,,PENDING,
PAIR_0148,,,PENDING,
PAIR_0149,,,PENDING,
PAIR_0150,,,PENDING,
PAIR_0151,,,PENDING,
PAIR_0152,,,PENDING,
PAIR_0153,,,PENDING,
PAIR_0154,,,PENDING,
PAIR_0155,,,PENDING,
PAIR_0156,,,PENDING,
PAIR_0157,,,PENDING,
PAIR_0158,,,PENDING,
PAIR_0159,,,PENDING,
PAIR_0160,,,PENDING,
PAIR_0161,,,PENDING,
PAIR_0162,,,PENDING,
PAIR_0163,,,PENDING,
PAIR_0164,,,PENDING,
PAIR_0165,,,PENDING,
PAIR_0166,,,PENDING,
PAIR_0167,,,PENDING,
PAIR_0168,,,PENDING,
PAIR_0169,,,PENDING,
PAIR_0170,,,PENDING,
PAIR_0171,,,PENDING,
PAIR_0172,,,PENDING,
PAIR_0173,,,PENDING,
PAIR_0174,,,PENDING,
PAIR_0175,,,PENDING,
PAIR_0176,,,PENDING,
PAIR_0177,,,PENDING,
PAIR_0178,,,PENDING,
PAIR_0179,,,PENDING,
PAIR_0180,,,PENDING,
PAIR_0181,,,PENDING,
PAIR_0182,,,PENDING,
PAIR_0183,,,PENDING,
PAIR_0184,,,PENDING,
PAIR_0185,,,PENDING,
PAIR_0186,,,PENDING,
PAIR_0187,,,PENDING,
PAIR_0188,,,PENDING,
PAIR_0189,,,PENDING,
PAIR_0190,,,PENDING,
PAIR_0191,,,PENDING,
PAIR_0192,,,PENDING,
PAIR_0193,,,PENDING,
PAIR_0194,,,PENDING,
PAIR_0195,,,PENDING,
PAIR_0196,,,PENDING,
PAIR_0197,,,PENDING,
PAIR_0198,,,PENDING,
PAIR_0199,,,PENDING,
PAIR_0200,,,PENDING,
PAIR_0201,,,PENDING,
PAIR_0202,,,PENDING,
PAIR_0203,,,PENDING,
PAIR_0204,,,PENDING,
PAIR_0205,,,PENDING,
PAIR_0206,,,PENDING,
PAIR_0207,,,PENDING,
PAIR_0208,,,PENDING,
PAIR_0209,,,PENDING,
PAIR_0210,,,PENDING,
PAIR_0211,,,PENDING,
PAIR_0212,,,PENDING,
PAIR_0213,,,PENDING,
PAIR_0214,,,PENDING,
PAIR_0215,,,PENDING,
PAIR_0216,,,PENDING,
PAIR_0217,,,PENDING,
PAIR_0218,,,PENDING,
PAIR_0219,,,PENDING,
PAIR_0220,,,PENDING,
PAIR_0221,,,PENDING,
PAIR_0222,,,PENDING,
PAIR_0223,,,PENDING,
PAIR_0224,,,PENDING,
PAIR_0225,,,PENDING,
PAIR_0226,,,PENDING,
PAIR_0227,,,PENDING,
PAIR_0228,,,PENDING,
PAIR_0229,,,PENDING,
PAIR_0230,,,PENDING,
PAIR_0231,,,PENDING,
PAIR_0232,,,PENDING,
PAIR_0233,,,PENDING,
PAIR_0234,,,PENDING,
PAIR_0235,,,PENDING,
PAIR_0236,,,PENDING,
PAIR_0237,,,PENDING,
PAIR_0238,,,PENDING,
PAIR_0239,,,PENDING,
PAIR_0240,,,PENDING,
PAIR_0241,,,PENDING,
PAIR_0242,,,PENDING,
PAIR_0243,,,PENDING,
PAIR_0244,,,PENDING,
PAIR_0245,,,PENDING,
PAIR_0246,,,PENDING,
PAIR_0247,,,PENDING,
PAIR_0248,,,PENDING,
PAIR_0249,,,PENDING,
PAIR_0250,,,PENDING,
PAIR_0251,,,PENDING,
PAIR_0252,,,PENDING,
PAIR_0253,,,PENDING,
PAIR_0254,,,PENDING,
PAIR_0255,,,PENDING,
PAIR_0256,,,PENDING,
PAIR_0257,,,PENDING,
PAIR_0258,,,PENDING,
PAIR_0259,,,PENDING,
PAIR_0260,,,PENDING,
PAIR_0261,,,PENDING,
PAIR_0262,,,PENDING,
PAIR_0263,,,PENDING,
PAIR_0264,,,PENDING,
PAIR_0265,,,PENDING,
PAIR_0266,,,PENDING,
PAIR_0267,,,PENDING,
PAIR_0268,,,PENDING,
PAIR_0269,,,PENDING,
PAIR_0270,,,PENDING,
PAIR_0271,,,PENDING,
PAIR_0272,,,PENDING,
PAIR_0273,,,PENDING,
PAIR_0274,,,PENDING,
PAIR_0275,,,PENDING,
PAIR_0276,,,PENDING,
PAIR_0277,,,PENDING,
PAIR_0278,,,PENDING,
PAIR_0279,,,PENDING,
PAIR_0280,,,PENDING,
PAIR_0281,,,PENDING,
PAIR_0282,,,PENDING,
PAIR_0283,,,PENDING,
PAIR_0284,,,PENDING,
PAIR_0285,,,PENDING,
PAIR_0286,,,PENDING,
PAIR_0287,,,PENDING,
PAIR_0288,,,PENDING,
PAIR_0289,,,PENDING,
PAIR_0290,,,PENDING,
PAIR_0291,,,PENDING,
PAIR_0292,,,PENDING,
PAIR_0293,,,PENDING,
PAIR_0294,,,PENDING,
PAIR_0295,,,PENDING,
PAIR_0296,,,PENDING,
PAIR_0297,,,PENDING,
PAIR_0298,,,PENDING,
PAIR_0299,,,PENDING,
PAIR_0300,,,PENDING,
PAIR_0301,,,PENDING,
PAIR_0302,,,PENDING,
PAIR_0303,,,PENDING,
PAIR_0304,,,PENDING,
PAIR_0305,,,PENDING,
PAIR_0306,,,PENDING,
PAIR_0307,,,PENDING,
PAIR_0308,,,PENDING,
PAIR_0309,,,PENDING,
PAIR_0310,,,PENDING,
PAIR_0311,,,PENDING,
PAIR_0312,,,PENDING,
PAIR_0313,,,PENDING,
PAIR_0314,,,PENDING,
PAIR_0315,,,PENDING,
PAIR_0316,,,PENDING,
PAIR_0317,,,PENDING,
PAIR_0318,,,PENDING,
PAIR_0319,,,PENDING,
PAIR_0320,,,PENDING,
PAIR_0321,,,PENDING,
PAIR_0322,,,PENDING,
PAIR_0323,,,PENDING,
PAIR_0324,,,PENDING,
PAIR_0325,,,PENDING,
PAIR_0326,,,PENDING,
PAIR_0327,,,PENDING,
PAIR_0328,,,PENDING,
PAIR_0329,,,PENDING,
PAIR_0330,,,PENDING,
PAIR_0331,,,PENDING,
PAIR_0332,,,PENDING,
PAIR_0333,,,PENDING,
PAIR_0334,,,PENDING,
PAIR_0335,,,PENDING,
PAIR_0336,,,PENDING,
PAIR_0337,,,PENDING,
PAIR_0338,,,PENDING,
PAIR_0339,,,PENDING,
PAIR_0340,,,PENDING,
PAIR_0341,,,PENDING,
PAIR_0342,,,PENDING,
PAIR_0343,,,PENDING,
PAIR_0344,,,PENDING,
PAIR_0345,,,PENDING,
PAIR_0346,,,PENDING,
PAIR_0347,,,PENDING,
PAIR_0348,,,PENDING,
PAIR_0349,,,PENDING,
PAIR_0350,,,PENDING,
PAIR_0351,,,PENDING,
PAIR_0352,,,PENDING,
PAIR_0353,,,PENDING,
PAIR_0354,,,PENDING,
PAIR_0355,,,PENDING,
PAIR_0356,,,PENDING,
PAIR_0357,,,PENDING,
PAIR_0358,,,PENDING,
PAIR_0359,,,PENDING,
PAIR_0360,,,PENDING,
PAIR_0361,,,PENDING,
PAIR_0362,,,PENDING,
PAIR_0363,,,PENDING,
PAIR_0364,,,PENDING,
PAIR_0365,,,PENDING,
PAIR_0366,,,PENDING,
PAIR_0367,,,PENDING,
PAIR_0368,,,PENDING,
PAIR_0369,,,PENDING,
PAIR_0370,,,PENDING,
PAIR_0371,,,PENDING,
PAIR_0372,,,PENDING,
PAIR_0373,,,PENDING,
PAIR_0374,,,PENDING,
PAIR_0375,,,PENDING,
PAIR_0376,,,PENDING,
PAIR_0377,,,PENDING,
PAIR_0378,,,PENDING,
PAIR_0379,,,PENDING,
PAIR_0380,,,PENDING,
PAIR_0381,,,PENDING,
PAIR_0382,,,PENDING,
PAIR_0383,,,PENDING,
PAIR_0384,,,PENDING,
PAIR_0385,,,PENDING,
PAIR_0386,,,PENDING,
PAIR_0387,,,PENDING,
PAIR_0388,,,PENDING,
PAIR_0389,,,PENDING,
PAIR_0390,,,PENDING,
PAIR_0391,,,PENDING,
PAIR_0392,,,PENDING,
PAIR_0393,,,PENDING,
PAIR_0394,,,PENDING,
PAIR_0395,,,PENDING,
PAIR_0396,,,PENDING,
PAIR_0397,,,PENDING,
PAIR_0398,,,PENDING,
PAIR_0399,,,PENDING,
PAIR_0400,,,PENDING,
PAIR_0401,,,PENDING,
PAIR_0402,,,PENDING,
PAIR_0403,,,PENDING,
PAIR_0404,,,PENDING,
PAIR_0405,,,PENDING,
PAIR_0406,,,PENDING,
PAIR_0407,,,PENDING,
PAIR_0408,,,PENDING,
PAIR_0409,,,PENDING,
PAIR_0410,,,PENDING,
PAIR_0411,,,PENDING,
PAIR_0412,,,PENDING,
PAIR_0413,,,PENDING,
PAIR_0414,,,PENDING,
PAIR_0415,,,PENDING,
PAIR_0416,,,PENDING,
PAIR_0417,,,PENDING,
PAIR_0418,,,PENDING,
PAIR_0419,,,PENDING,
PAIR_0420,,,PENDING,
PAIR_0421,,,PENDING,
PAIR_0422,,,PENDING,
PAIR_0423,,,PENDING,
PAIR_0424,,,PENDING,
PAIR_0425,,,PENDING,
PAIR_0426,,,PENDING,
PAIR_0427,,,PENDING,
PAIR_0428,,,PENDING,
PAIR_0429,,,PENDING,
PAIR_0430,,,PENDING,
PAIR_0431,,,PENDING,
PAIR_0432,,,PENDING,
PAIR_0433,,,PENDING,
PAIR_0434,,,PENDING,
PAIR_0435,,,PENDING,
PAIR_0436,,,PENDING,
PAIR_0437,,,PENDING,
PAIR_0438,,,PENDING,
PAIR_0439,,,PENDING,
PAIR_0440,,,PENDING,
PAIR_0441,,,PENDING,
PAIR_0442,,,PENDING,
PAIR_0443,,,PENDING,
PAIR_0444,,,PENDING,
PAIR_0445,,,PENDING,
PAIR_0446,,,PENDING,
PAIR_0447,,,PENDING,
PAIR_0448,,,PENDING,
PAIR_0449,,,PENDING,
PAIR_0450,,,PENDING,
PAIR_0451,,,PENDING,
PAIR_0452,,,PENDING,
PAIR_0453,,,PENDING,
PAIR_0454,,,PENDING,
PAIR_0455,,,PENDING,
PAIR_0456,,,PENDING,
PAIR_0457,,,PENDING,
PAIR_0458,,,PENDING,
PAIR_0459,,,PENDING,
PAIR_0460,,,PENDING,
PAIR_0461,,,PENDING,
PAIR_0462,,,PENDING,
PAIR_0463,,,PENDING,
PAIR_0464,,,PENDING,
PAIR_0465,,,PENDING,
PAIR_0466,,,PENDING,
PAIR_0467,,,PENDING,
PAIR_0468,,,PENDING,
PAIR_0469,,,PENDING,
PAIR_0470,,,PENDING,
PAIR_0471,,,PENDING,
PAIR_0472,,,PENDING,
PAIR_0473,,,PENDING,
PAIR_0474,,,PENDING,
PAIR_0475,,,PENDING,
PAIR_0476,,,PENDING,
PAIR_0477,,,PENDING,
PAIR_0478,,,PENDING,
PAIR_0479,,,PENDING,
PAIR_0480,,,PENDING,
PAIR_0481,,,PENDING,
PAIR_0482,,,PENDING,
PAIR_0483,,,PENDING,
PAIR_0484,,,PENDING,
PAIR_0485,,,PENDING,
PAIR_0486,,,PENDING,
PAIR_0487,,,PENDING,
PAIR_0488,,,PENDING,
PAIR_0489,,,PENDING,
PAIR_0490,,,PENDING,
PAIR_0491,,,PENDING,
PAIR_0492,,,PENDING,
PAIR_0493,,,PENDING,
PAIR_0494,,,PENDING,
PAIR_0495,,,PENDING,
PAIR_0496,,,PENDING,
PAIR_0497,,,PENDING,
PAIR_0498,,,PENDING,
PAIR_0499,,,PENDING,
PAIR_0500,,,PENDING,
PAIR_0501,,,PENDING,
PAIR_0502,,,PENDING,
PAIR_0503,,,PENDING,
PAIR_0504,,,PENDING,
PAIR_0505,,,PENDING,
PAIR_0506,,,PENDING,
PAIR_0507,,,PENDING,
PAIR_0508,,,PENDING,
PAIR_0509,,,PENDING,
PAIR_0510,,,PENDING,
PAIR_0511,,,PENDING,
PAIR_0512,,,PENDING,
PAIR_0513,,,PENDING,
PAIR_0514,,,PENDING,
PAIR_0515,,,PENDING,
PAIR_0516,,,PENDING,
PAIR_0517,,,PENDING,
PAIR_0518,,,PENDING,
PAIR_0519,,,PENDING,
PAIR_0520,,,PENDING,
PAIR_0521,,,PENDING,
PAIR_0522,,,PENDING,
PAIR_0523,,,PENDING,
PAIR_0524,,,PENDING,
PAIR_0525,,,PENDING,
PAIR_0526,,,PENDING,
PAIR_0527,,,PENDING,
PAIR_0528,,,PENDING,
PAIR_0529,,,PENDING,
PAIR_0530,,,PENDING,
PAIR_0531,,,PENDING,
PAIR_0532,,,PENDING,
PAIR_0533,,,PENDING,
PAIR_0534,,,PENDING,
PAIR_0535,,,PENDING,
PAIR_0536,,,PENDING,
PAIR_0537,,,PENDING,
PAIR_0538,,,PENDING,
PAIR_0539,,,PENDING,
PAIR_0540,,,PENDING,
PAIR_0541,,,PENDING,
PAIR_0542,,,PENDING,
PAIR_0543,,,PENDING,
PAIR_0544,,,PENDING,
PAIR_0545,,,PENDING,
PAIR_0546,,,PENDING,
PAIR_0547,,,PENDING,
PAIR_0548,,,PENDING,
PAIR_0549,,,PENDING,
PAIR_0550,,,PENDING,
PAIR_0551,,,PENDING,
PAIR_0552,,,PENDING,
PAIR_0553,,,PENDING,
PAIR_0554,,,PENDING,
PAIR_0555,,,PENDING,
PAIR_0556,,,PENDING,
PAIR_0557,,,PENDING,
PAIR_0558,,,PENDING,
PAIR_0559,,,PENDING,
PAIR_0560,,,PENDING,
PAIR_0561,,,PENDING,
PAIR_0562,,,PENDING,
PAIR_0563,,,PENDING,
PAIR_0564,,,PENDING,
PAIR_0565,,,PENDING,
PAIR_0566,,,PENDING,
PAIR_0567,,,PENDING,
PAIR_0568,,,PENDING,
PAIR_0569,,,PENDING,
PAIR_0570,,,PENDING,
PAIR_0571,,,PENDING,
PAIR_0572,,,PENDING,
PAIR_0573,,,PENDING,
PAIR_0574,,,PENDING,
PAIR_0575,,,PENDING,
PAIR_0576,,,PENDING,
PAIR_0577,,,PENDING,
PAIR_0578,,,PENDING,
PAIR_0579,,,PENDING,
PAIR_0580,,,PENDING,
PAIR_0581,,,PENDING,
PAIR_0582,,,PENDING,
PAIR_0583,,,PENDING,
PAIR_0584,,,PENDING,
PAIR_0585,,,PENDING,
PAIR_0586,,,PENDING,
PAIR_0587,,,PENDING,
PAIR_0588,,,PENDING,
PAIR_0589,,,PENDING,
PAIR_0590,,,PENDING,
PAIR_0591,,,PENDING,
PAIR_0592,,,PENDING,
PAIR_0593,,,PENDING,
PAIR_0594,,,PENDING,
PAIR_0595,,,PENDING,
PAIR_0596,,,PENDING,
PAIR_0597,,,PENDING,
PAIR_0598,,,PENDING,
PAIR_0599,,,PENDING,
PAIR_0600,,,PENDING,
PAIR_0601,,,PENDING,
PAIR_0602,,,PENDING,
PAIR_0603,,,PENDING,
PAIR_0604,,,PENDING,
PAIR_0605,,,PENDING,
PAIR_0606,,,PENDING,
PAIR_0607,,,PENDING,
PAIR_0608,,,PENDING,
PAIR_0609,,,PENDING,
PAIR_0610,,,PENDING,
PAIR_0611,,,PENDING,
PAIR_0612,,,PENDING,
PAIR_0613,,,PENDING,
PAIR_0614,,,PENDING,
PAIR_0615,,,PENDING,
PAIR_0616,,,PENDING,
PAIR_0617,,,PENDING,
PAIR_0618,,,PENDING,
PAIR_0619,,,PENDING,
PAIR_0620,,,PENDING,
PAIR_0621,,,PENDING,
PAIR_0622,,,PENDING,
PAIR_0623,,,PENDING,
PAIR_0624,,,PENDING,
PAIR_0625,,,PENDING,
PAIR_0626,,,PENDING,
PAIR_0627,,,PENDING,
PAIR_0628,,,PENDING,
PAIR_0629,,,PENDING,
PAIR_0630,,,PENDING,
PAIR_0631,,,PENDING,
PAIR_0632,,,PENDING,
PAIR_0633,,,PENDING,
PAIR_0634,,,PENDING,
PAIR_0635,,,PENDING,
PAIR_0636,,,PENDING,
PAIR_0637,,,PENDING,
PAIR_0638,,,PENDING,
PAIR_0639,,,PENDING,
PAIR_0640,,,PENDING,
PAIR_0641,,,PENDING,
PAIR_0642,,,PENDING,
PAIR_0643,,,PENDING,
PAIR_0644,,,PENDING,
PAIR_0645,,,PENDING,
PAIR_0646,,,PENDING,
PAIR_0647,,,PENDING,
PAIR_0648,,,PENDING,
PAIR_0649,,,PENDING,
PAIR_0650,,,PENDING,
PAIR_0651,,,PENDING,
PAIR_0652,,,PENDING,
PAIR_0653,,,PENDING,
PAIR_0654,,,PENDING,
PAIR_0655,,,PENDING,
PAIR_0656,,,PENDING,
PAIR_0657,,,PENDING,
PAIR_0658,,,PENDING,
PAIR_0659,,,PENDING,
PAIR_0660,,,PENDING,
PAIR_0661,,,PENDING,
PAIR_0662,,,PENDING,
PAIR_0663,,,PENDING,
PAIR_0664,,,PENDING,
PAIR_0665,,,PENDING,
PAIR_0666,,,PENDING,
PAIR_0667,,,PENDING,
PAIR_0668,,,PENDING,
PAIR_0669,,,PENDING,
PAIR_0670,,,PENDING,
PAIR_0671,,,PENDING,
PAIR_0672,,,PENDING,
PAIR_0673,,,PENDING,
PAIR_0674,,,PENDING,
PAIR_0675,,,PENDING,
PAIR_0676,,,PENDING,
PAIR_0677,,,PENDING,
PAIR_0678,,,PENDING,
PAIR_0679,,,PENDING,
PAIR_0680,,,PENDING,
PAIR_0681,,,PENDING,
PAIR_0682,,,PENDING,
PAIR_0683,,,PENDING,
PAIR_0684,,,PENDING,
PAIR_0685,,,PENDING,
PAIR_0686,,,PENDING,
PAIR_0687,,,PENDING,
PAIR_0688,,,PENDING,
PAIR_0689,,,PENDING,
PAIR_0690,,,PENDING,
PAIR_0691,,,PENDING,
PAIR_0692,,,PENDING,
PAIR_0693,,,PENDING,
PAIR_0694,,,PENDING,
PAIR_0695,,,PENDING,
PAIR_0696,,,PENDING,
PAIR_0697,,,PENDING,
PAIR_0698,,,PENDING,
PAIR_0699,,,PENDING,
PAIR_0700,,,PENDING,
PAIR_0701,,,PENDING,
PAIR_0702,,,PENDING,
PAIR_0703,,,PENDING,
PAIR_0704,,,PENDING,
PAIR_0705,,,PENDING,
PAIR_0706,,,PENDING,
PAIR_0707,,,PENDING,
PAIR_0708,,,PENDING,
PAIR_0709,,,PENDING,
PAIR_0710,,,PENDING,
PAIR_0711,,,PENDING,
PAIR_0712,,,PENDING,
PAIR_0713,,,PENDING,
PAIR_0714,,,PENDING,
PAIR_0715,,,PENDING,
PAIR_0716,,,PENDING,
PAIR_0717,,,PENDING,
PAIR_0718,,,PENDING,
PAIR_0719,,,PENDING,
PAIR_0720,,,PENDING,
PAIR_0721,,,PENDING,
PAIR_0722,,,PENDING,
PAIR_0723,,,PENDING,
PAIR_0724,,,PENDING,
PAIR_0725,,,PENDING,
PAIR_0726,,,PENDING,
PAIR_0727,,,PENDING,
PAIR_0728,,,PENDING,
PAIR_0729,,,PENDING,
PAIR_0730,,,PENDING,
PAIR_0731,,,PENDING,
PAIR_0732,,,PENDING,
PAIR_0733,,,PENDING,
PAIR_0734,,,PENDING,
PAIR_0735,,,PENDING,
PAIR_0736,,,PENDING,
PAIR_0737,,,PENDING,
PAIR_0738,,,PENDING,
PAIR_0739,,,PENDING,
PAIR_0740,,,PENDING,
PAIR_0741,,,PENDING,
PAIR_0742,,,PENDING,
PAIR_0743,,,PENDING,
PAIR_0744,,,PENDING,
PAIR_0745,,,PENDING,
PAIR_0746,,,PENDING,
PAIR_0747,,,PENDING,
PAIR_0748,,,PENDING,
PAIR_0749,,,PENDING,
PAIR_0750,,,PENDING,
PAIR_0751,,,PENDING,
PAIR_0752,,,PENDING,
PAIR_0753,,,PENDING,
PAIR_0754,,,PENDING,
PAIR_0755,,,PENDING,
PAIR_0756,,,PENDING,
PAIR_0757,,,PENDING,
PAIR_0758,,,PENDING,
PAIR_0759,,,PENDING,
PAIR_0760,,,PENDING,
PAIR_0761,,,PENDING,
PAIR_0762,,,PENDING,
PAIR_0763,,,PENDING,
PAIR_0764,,,PENDING,
PAIR_0765,,,PENDING,
PAIR_0766,,,PENDING,
PAIR_0767,,,PENDING,
PAIR_0768,,,PENDING,
PAIR_0769,,,PENDING,
PAIR_0770,,,PENDING,
PAIR_0771,,,PENDING,
PAIR_0772,,,PENDING,
PAIR_0773,,,PENDING,
PAIR_0774,,,PENDING,
PAIR_0775,,,PENDING,
PAIR_0776,,,PENDING,
PAIR_0777,,,PENDING,
PAIR_0778,,,PENDING,
PAIR_0779,,,PENDING,
PAIR_0780,,,PENDING,
PAIR_0781,,,PENDING,
PAIR_0782,,,PENDING,
PAIR_0783,,,PENDING,
PAIR_0784,,,PENDING,
PAIR_0785,,,PENDING,
PAIR_0786,,,PENDING,
PAIR_0787,,,PENDING,
PAIR_0788,,,PENDING,
PAIR_0789,,,PENDING,
PAIR_0790,,,PENDING,
PAIR_0791,,,PENDING,
PAIR_0792,,,PENDING,
PAIR_0793,,,PENDING,
PAIR_0794,,,PENDING,
PAIR_0795,,,PENDING,
PAIR_0796,,,PENDING,
PAIR_0797,,,PENDING,
PAIR_0798,,,PENDING,
PAIR_0799,,,PENDING,
PAIR_0800,,,PENDING,
PAIR_0801,,,PENDING,
PAIR_0802,,,PENDING,
PAIR_0803,,,PENDING,
PAIR_0804,,,PENDING,
PAIR_0805,,,PENDING,
PAIR_0806,,,PENDING,
PAIR_0807,,,PENDING,
PAIR_0808,,,PENDING,
PAIR_0809,,,PENDING,
PAIR_0810,,,PENDING,
PAIR_0811,,,PENDING,
PAIR_0812,,,PENDING,
PAIR_0813,,,PENDING,
PAIR_0814,,,PENDING,
PAIR_0815,,,PENDING,
PAIR_0816,,,PENDING,
PAIR_0817,,,PENDING,
PAIR_0818,,,PENDING,
PAIR_0819,,,PENDING,
PAIR_0820,,,PENDING,
PAIR_0821,,,PENDING,
PAIR_0822,,,PENDING,
PAIR_0823,,,PENDING,
PAIR_0824,,,PENDING,
PAIR_0825,,,PENDING,
PAIR_0826,,,PENDING,
PAIR_0827,,,PENDING,
PAIR_0828,,,PENDING,
PAIR_0829,,,PENDING,
PAIR_0830,,,PENDING,
PAIR_0831,,,PENDING,
PAIR_0832,,,PENDING,
PAIR_0833,,,PENDING,
PAIR_0834,,,PENDING,
PAIR_0835,,,PENDING,
PAIR_0836,,,PENDING,
PAIR_0837,,,PENDING,
PAIR_0838,,,PENDING,
PAIR_0839,,,PENDING,
PAIR_0840,,,PENDING,
PAIR_0841,,,PENDING,
PAIR_0842,,,PENDING,
PAIR_0843,,,PENDING,
PAIR_0844,,,PENDING,
PAIR_0845,,,PENDING,
PAIR_0846,,,PENDING,
PAIR_0847,,,PENDING,
PAIR_0848,,,PENDING,
PAIR_0849,,,PENDING,
PAIR_0850,,,PENDING,
PAIR_0851,,,PENDING,
PAIR_0852,,,PENDING,
PAIR_0853,,,PENDING,
PAIR_0854,,,PENDING,
PAIR_0855,,,PENDING,
PAIR_0856,,,PENDING,
PAIR_0857,,,PENDING,
PAIR_0858,,,PENDING,
PAIR_0859,,,PENDING,
PAIR_0860,,,PENDING,
PAIR_0861,,,PENDING,
PAIR_0862,,,PENDING,
PAIR_0863,,,PENDING,
PAIR_0864,,,PENDING,
PAIR_0865,,,PENDING,
PAIR_0866,,,PENDING,
PAIR_0867,,,PENDING,
PAIR_0868,,,PENDING,
PAIR_0869,,,PENDING,
PAIR_0870,,,PENDING,
PAIR_0871,,,PENDING,
PAIR_0872,,,PENDING,
PAIR_0873,,,PENDING,
PAIR_0874,,,PENDING,
PAIR_0875,,,PENDING,
PAIR_0876,,,PENDING,
PAIR_0877,,,PENDING,
PAIR_0878,,,PENDING,
PAIR_0879,,,PENDING,
PAIR_0880,,,PENDING,
PAIR_0881,,,PENDING,
PAIR_0882,,,PENDING,
PAIR_0883,,,PENDING,
PAIR_0884,,,PENDING,
PAIR_0885,,,PENDING,
PAIR_0886,,,PENDING,
PAIR_0887,,,PENDING,
PAIR_0888,,,PENDING,
PAIR_0889,,,PENDING,
PAIR_0890,,,PENDING,
PAIR_0891,,,PENDING,
PAIR_0892,,,PENDING,
PAIR_0893,,,PENDING,
PAIR_0894,,,PENDING,
PAIR_0895,,,PENDING,
PAIR_0896,,,PENDING,
PAIR_0897,,,PENDING,
PAIR_0898,,,PENDING,
PAIR_0899,,,PENDING,
PAIR_0900,,,PENDING,
PAIR_0901,,,PENDING,
PAIR_0902,,,PENDING,
PAIR_0903,,,PENDING,
PAIR_0904,,,PENDING,
PAIR_0905,,,PENDING,
PAIR_0906,,,PENDING,
PAIR_0907,,,PENDING,
PAIR_0908,,,PENDING,
PAIR_0909,,,PENDING,
PAIR_0910,,,PENDING,
PAIR_0911,,,PENDING,
PAIR_0912,,,PENDING,
PAIR_0913,,,PENDING,
PAIR_0914,,,PENDING,
PAIR_0915,,,PENDING,
PAIR_0916,,,PENDING,
PAIR_0917,,,PENDING,
PAIR_0918,,,PENDING,
PAIR_0919,,,PENDING,
PAIR_0920,,,PENDING,
PAIR_0921,,,PENDING,
PAIR_0922,,,PENDING,
PAIR_0923,,,PENDING,
PAIR_0924,,,PENDING,
PAIR_0925,,,PENDING,
PAIR_0926,,,PENDING,
PAIR_0927,,,PENDING,
PAIR_0928,,,PENDING,
PAIR_0929,,,PENDING,
PAIR_0930,,,PENDING,
PAIR_0931,,,PENDING,
PAIR_0932,,,PENDING,
PAIR_0933,,,PENDING,
PAIR_0934,,,PENDING,
PAIR_0935,,,PENDING,
PAIR_0936,,,PENDING,
PAIR_0937,,,PENDING,
PAIR_0938,,,PENDING,
PAIR_0939,,,PENDING,
PAIR_0940,,,PENDING,
PAIR_0941,,,PENDING,
PAIR_0942,,,PENDING,
PAIR_0943,,,PENDING,
PAIR_0944,,,PENDING,
PAIR_0945,,,PENDING,
PAIR_0946,,,PENDING,
PAIR_0947,,,PENDING,
PAIR_0948,,,PENDING,
PAIR_0949,,,PENDING,
PAIR_0950,,,PENDING,
PAIR_0951,,,PENDING,
PAIR_0952,,,PENDING,
PAIR_0953,,,PENDING,
PAIR_0954,,,PENDING,
PAIR_0955,,,PENDING,
PAIR_0956,,,PENDING,
PAIR_0957,,,PENDING,
PAIR_0958,,,PENDING,
PAIR_0959,,,PENDING,
PAIR_0960,,,PENDING,
PAIR_0961,,,PENDING,
PAIR_0962,,,PENDING,
PAIR_0963,,,PENDING,
PAIR_0964,,,PENDING,
PAIR_0965,,,PENDING,
PAIR_0966,,,PENDING,
PAIR_0967,,,PENDING,
PAIR_0968,,,PENDING,
PAIR_0969,,,PENDING,
PAIR_0970,,,PENDING,
PAIR_0971,,,PENDING,
PAIR_0972,,,PENDING,
PAIR_0973,,,PENDING,
PAIR_0974,,,PENDING,
PAIR_0975,,,PENDING,
PAIR_0976,,,PENDING,
PAIR_0977,,,PENDING,
PAIR_0978,,,PENDING,
PAIR_0979,,,PENDING,
PAIR_0980,,,PENDING,
PAIR_0981,,,PENDING,
PAIR_0982,,,PENDING,
PAIR_0983,,,PENDING,
PAIR_0984,,,PENDING,
PAIR_0985,,,PENDING,
PAIR_0986,,,PENDING,
PAIR_0987,,,PENDING,
PAIR_0988,,,PENDING,
PAIR_0989,,,PENDING,
PAIR_0990,,,PENDING,
PAIR_0991,,,PENDING,
PAIR_0992,,,PENDING,
PAIR_0993,,,PENDING,
PAIR_0994,,,PENDING,
PAIR_0995,,,PENDING,
PAIR_0996,,,PENDING,
PAIR_0997,,,PENDING,
PAIR_0998,,,PENDING,
PAIR_0999,,,PENDING,
PAIR_1000,,,PENDING,
PAIR_1001,,,PENDING,
PAIR_1002,,,PENDING,
PAIR_1003,,,PENDING,
PAIR_1004,,,PENDING,
PAIR_1005,,,PENDING,
PAIR_1006,,,PENDING,
PAIR_1007,,,PENDING,
PAIR_1008,,,PENDING,
PAIR_1009,,,PENDING,
PAIR_1010,,,PENDING,
PAIR_1011,,,PENDING,
PAIR_1012,,,PENDING,
PAIR_1013,,,PENDING,
PAIR_1014,,,PENDING,
PAIR_1015,,,PENDING,
PAIR_1016,,,PENDING,
PAIR_1017,,,PENDING,
PAIR_1018,,,PENDING,
PAIR_1019,,,PENDING,
PAIR_1020,,,PENDING,
PAIR_1021,,,PENDING,
PAIR_1022,,,PENDING,
PAIR_1023,,,PENDING,
PAIR_1024,,,PENDING,
PAIR_1025,,,PENDING,
PAIR_1026,,,PENDING,
PAIR_1027,,,PENDING,
PAIR_1028,,,PENDING,
PAIR_1029,,,PENDING,
PAIR_1030,,,PENDING,
PAIR_1031,,,PENDING,
PAIR_1032,,,PENDING,
PAIR_1033,,,PENDING,
PAIR_1034,,,PENDING,
PAIR_1035,,,PENDING,
PAIR_1036,,,PENDING,
PAIR_1037,,,PENDING,
PAIR_1038,,,PENDING,
PAIR_1039,,,PENDING,
PAIR_1040,,,PENDING,
PAIR_1041,,,PENDING,
PAIR_1042,,,PENDING,
PAIR_1043,,,PENDING,
PAIR_1044,,,PENDING,
PAIR_1045,,,PENDING,
PAIR_1046,,,PENDING,
PAIR_1047,,,PENDING,
PAIR_1048,,,PENDING,
PAIR_1049,,,PENDING,
PAIR_1050,,,PENDING,
PAIR_1051,,,PENDING,
PAIR_1052,,,PENDING,
PAIR_1053,,,PENDING,
PAIR_1054,,,PENDING,
PAIR_1055,,,PENDING,
PAIR_1056,,,PENDING,
PAIR_1057,,,PENDING,
PAIR_1058,,,PENDING,
PAIR_1059,,,PENDING,
PAIR_1060,,,PENDING,
PAIR_1061,,,PENDING,
PAIR_1062,,,PENDING,
PAIR_1063,,,PENDING,
PAIR_1064,,,PENDING,
PAIR_1065,,,PENDING,
PAIR_1066,,,PENDING,
PAIR_1067,,,PENDING,
PAIR_1068,,,PENDING,
PAIR_1069,,,PENDING,
PAIR_1070,,,PENDING,
PAIR_1071,,,PENDING,
PAIR_1072,,,PENDING,
PAIR_1073,,,PENDING,
PAIR_1074,,,PENDING,
PAIR_1075,,,PENDING,
PAIR_1076,,,PENDING,
PAIR_1077,,,PENDING,
PAIR_1078,,,PENDING,
PAIR_1079,,,PENDING,
PAIR_1080,,,PENDING,
PAIR_1081,,,PENDING,
PAIR_1082,,,PENDING,
PAIR_1083,,,PENDING,
PAIR_1084,,,PENDING,
PAIR_1085,,,PENDING,
PAIR_1086,,,PENDING,
PAIR_1087,,,PENDING,
PAIR_1088,,,PENDING,
PAIR_1089,,,PENDING,
PAIR_1090,,,PENDING,
PAIR_1091,,,PENDING,
PAIR_1092,,,PENDING,
PAIR_1093,,,PENDING,
PAIR_1094,,,PENDING,
PAIR_1095,,,PENDING,
PAIR_1096,,,PENDING,
PAIR_1097,,,PENDING,
PAIR_1098,,,PENDING,
PAIR_1099,,,PENDING,
PAIR_1100,,,PENDING,
PAIR_1101,,,PENDING,
PAIR_1102,,,PENDING,
PAIR_1103,,,PENDING,
PAIR_1104,,,PENDING,
PAIR_1105,,,PENDING,
PAIR_1106,,,PENDING,
PAIR_1107,,,PENDING,
PAIR_1108,,,PENDING,
PAIR_1109,,,PENDING,
PAIR_1110,,,PENDING,
PAIR_1111,,,PENDING,
PAIR_1112,,,PENDING,
PAIR_1113,,,PENDING,
PAIR_1114,,,PENDING,
PAIR_1115,,,PENDING,
PAIR_1116,,,PENDING,
PAIR_1117,,,PENDING,
PAIR_1118,,,PENDING,
PAIR_1119,,,PENDING,
PAIR_1120,,,PENDING,
PAIR_1121,,,PENDING,
PAIR_1122,,,PENDING,
PAIR_1123,,,PENDING,
PAIR_1124,,,PENDING,
PAIR_1125,,,PENDING,
PAIR_1126,,,PENDING,
PAIR_1127,,,PENDING,
PAIR_1128,,,PENDING,
PAIR_1129,,,PENDING,
PAIR_1130,,,PENDING,
PAIR_1131,,,PENDING,
PAIR_1132,,,PENDING,
PAIR_1133,,,PENDING,
PAIR_1134,,,PENDING,
PAIR_1135,,,PENDING,
PAIR_1136,,,PENDING,
PAIR_1137,,,PENDING,
PAIR_1138,,,PENDING,
PAIR_1139,,,PENDING,
PAIR_1140,,,PENDING,
PAIR_1141,,,PENDING,
PAIR_1142,,,PENDING,
PAIR_1143,,,PENDING,
PAIR_1144,,,PENDING,
PAIR_1145,,,PENDING,
PAIR_1146,,,PENDING,
PAIR_1147,,,PENDING,
PAIR_1148,,,PENDING,
PAIR_1149,,,PENDING,
PAIR_1150,,,PENDING,
PAIR_1151,,,PENDING,
PAIR_1152,,,PENDING,
PAIR_1153,,,PENDING,
PAIR_1154,,,PENDING,
PAIR_1155,,,PENDING,
PAIR_1156,,,PENDING,
PAIR_1157,,,PENDING,
PAIR_1158,,,PENDING,
PAIR_1159,,,PENDING,
PAIR_1160,,,PENDING,
PAIR_1161,,,PENDING,
PAIR_1162,,,PENDING,
PAIR_1163,,,PENDING,
PAIR_1164,,,PENDING,
PAIR_1165,,,PENDING,
PAIR_1166,,,PENDING,
PAIR_1167,,,PENDING,
PAIR_1168,,,PENDING,
PAIR_1169,,,PENDING,
PAIR_1170,,,PENDING,
PAIR_1171,,,PENDING,
PAIR_1172,,,PENDING,
PAIR_1173,,,PENDING,
PAIR_1174,,,PENDING,
PAIR_1175,,,PENDING,
PAIR_1176,,,PENDING,
PAIR_1177,,,PENDING,
PAIR_1178,,,PENDING,
PAIR_1179,,,PENDING,
PAIR_1180,,,PENDING,
PAIR_1181,,,PENDING,
PAIR_1182,,,PENDING,
PAIR_1183,,,PENDING,
PAIR_1184,,,PENDING,
PAIR_1185,,,PENDING,
PAIR_1186,,,PENDING,
PAIR_1187,,,PENDING,
PAIR_1188,,,PENDING,
PAIR_1189,,,PENDING,
PAIR_1190,,,PENDING,
PAIR_1191,,,PENDING,
PAIR_1192,,,PENDING,
PAIR_1193,,,PENDING,
PAIR_1194,,,PENDING,
PAIR_1195,,,PENDING,
PAIR_1196,,,PENDING,
PAIR_1197,,,PENDING,
PAIR_1198,,,PENDING,
PAIR_1199,,,PENDING,
PAIR_1200,,,PENDING,
PAIR_1201,,,PENDING,
PAIR_1202,,,PENDING,
PAIR_1203,,,PENDING,
PAIR_1204,,,PENDING,
PAIR_1205,,,PENDING,
PAIR_1206,,,PENDING,
PAIR_1207,,,PENDING,
PAIR_1208,,,PENDING,
PAIR_1209,,,PENDING,
PAIR_1210,,,PENDING,
PAIR_1211,,,PENDING,
PAIR_1212,,,PENDING,
PAIR_1213,,,PENDING,
PAIR_1214,,,PENDING,
PAIR_1215,,,PENDING,
PAIR_1216,,,PENDING,
PAIR_1217,,,PENDING,
PAIR_1218,,,PENDING,
PAIR_1219,,,PENDING,
PAIR_1220,,,PENDING,
PAIR_1221,,,PENDING,
PAIR_1222,,,PENDING,
PAIR_1223,,,PENDING,
PAIR_1224,,,PENDING,
PAIR_1225,,,PENDING,
PAIR_1226,,,PENDING,
PAIR_1227,,,PENDING,
PAIR_1228,,,PENDING,
PAIR_1229,,,PENDING,
PAIR_1230,,,PENDING,
PAIR_1231,,,PENDING,
PAIR_1232,,,PENDING,
PAIR_1233,,,PENDING,
PAIR_1234,,,PENDING,
PAIR_1235,,,PENDING,
PAIR_1236,,,PENDING,
PAIR_1237,,,PENDING,
PAIR_1238,,,PENDING,
PAIR_1239,,,PENDING,
PAIR_1240,,,PENDING,
PAIR_1241,,,PENDING,
PAIR_1242,,,PENDING,
PAIR_1243,,,PENDING,
PAIR_1244,,,PENDING,
PAIR_1245,,,PENDING,
PAIR_1246,,,PENDING,
PAIR_1247,,,PENDING,
PAIR_1248,,,PENDING,
PAIR_1249,,,PENDING,
PAIR_1250,,,PENDING,
PAIR_1251,,,PENDING,
PAIR_1252,,,PENDING,
PAIR_1253,,,PENDING,
PAIR_1254,,,PENDING,
PAIR_1255,,,PENDING,
PAIR_1256,,,PENDING,
PAIR_1257,,,PENDING,
PAIR_1258,,,PENDING,
PAIR_1259,,,PENDING,
PAIR_1260,,,PENDING,
PAIR_1261,,,PENDING,
PAIR_1262,,,PENDING,
PAIR_1263,,,PENDING,
PAIR_1264,,,PENDING,
PAIR_1265,,,PENDING,
PAIR_1266,,,PENDING,
PAIR_1267,,,PENDING,
PAIR_1268,,,PENDING,
PAIR_1269,,,PENDING,
PAIR_1270,,,PENDING,
PAIR_1271,,,PENDING,
PAIR_1272,,,PENDING,
PAIR_1273,,,PENDING,
PAIR_1274,,,PENDING,
PAIR_1275,,,PENDING,
PAIR_1276,,,PENDING,
PAIR_1277,,,PENDING,
PAIR_1278,,,PENDING,
PAIR_1279,,,PENDING,
PAIR_1280,,,PENDING,
PAIR_1281,,,PENDING,
PAIR_1282,,,PENDING,
PAIR_1283,,,PENDING,
PAIR_1284,,,PENDING,
PAIR_1285,,,PENDING,
PAIR_1286,,,PENDING,
PAIR_1287,,,PENDING,
PAIR_1288,,,PENDING,
PAIR_1289,,,PENDING,
PAIR_1290,,,PENDING,
PAIR_1291,,,PENDING,
PAIR_1292,,,PENDING,
PAIR_1293,,,PENDING,
PAIR_1294,,,PENDING,
PAIR_1295,,,PENDING,
PAIR_1296,,,PENDING,
PAIR_1297,,,PENDING,
PAIR_1298,,,PENDING,
PAIR_1299,,,PENDING,
PAIR_1300,,,PENDING,
PAIR_1301,,,PENDING,
PAIR_1302,,,PENDING,
PAIR_1303,,,PENDING,
PAIR_1304,,,PENDING,
PAIR_1305,,,PENDING,
PAIR_1306,,,PENDING,
PAIR_1307,,,PENDING,
PAIR_1308,,,PENDING,
PAIR_1309,,,PENDING,
PAIR_1310,,,PENDING,
PAIR_1311,,,PENDING,
PAIR_1312,,,PENDING,
PAIR_1313,,,PENDING,
PAIR_1314,,,PENDING,
PAIR_1315,,,PENDING,
PAIR_1316,,,PENDING,
PAIR_1317,,,PENDING,
PAIR_1318,,,PENDING,
PAIR_1319,,,PENDING,
PAIR_1320,,,PENDING,
PAIR_1321,,,PENDING,
PAIR_1322,,,PENDING,
PAIR_1323,,,PENDING,
PAIR_1324,,,PENDING,
PAIR_1325,,,PENDING,
PAIR_1326,,,PENDING,
PAIR_1327,,,PENDING,
PAIR_1328,,,PENDING,
PAIR_1329,,,PENDING,
PAIR_1330,,,PENDING,
PAIR_1331,,,PENDING,
PAIR_1332,,,PENDING,
PAIR_1333,,,PENDING,
PAIR_1334,,,PENDING,
PAIR_1335,,,PENDING,
PAIR_1336,,,PENDING,
PAIR_1337,,,PENDING,
PAIR_1338,,,PENDING,
PAIR_1339,,,PENDING,
PAIR_1340,,,PENDING,
PAIR_1341,,,PENDING,
PAIR_1342,,,PENDING,
PAIR_1343,,,PENDING,
PAIR_1344,,,PENDING,
PAIR_1345,,,PENDING,
PAIR_1346,,,PENDING,
PAIR_1347,,,PENDING,
PAIR_1348,,,PENDING,
PAIR_1349,,,PENDING,
PAIR_1350,,,PENDING,
PAIR_1351,,,PENDING,
PAIR_1352,,,PENDING,
PAIR_1353,,,PENDING,
PAIR_1354,,,PENDING,
PAIR_1355,,,PENDING,
PAIR_1356,,,PENDING,
PAIR_1357,,,PENDING,
PAIR_1358,,,PENDING,
PAIR_1359,,,PENDING,
PAIR_1360,,,PENDING,
PAIR_1361,,,PENDING,
PAIR_1362,,,PENDING,
PAIR_1363,,,PENDING,
PAIR_1364,,,PENDING,
PAIR_1365,,,PENDING,
PAIR_1366,,,PENDING,
PAIR_1367,,,PENDING,
PAIR_1368,,,PENDING,
PAIR_1369,,,PENDING,
PAIR_1370,,,PENDING,
PAIR_1371,,,PENDING,
PAIR_1372,,,PENDING,
PAIR_1373,,,PENDING,
PAIR_1374,,,PENDING,
PAIR_1375,,,PENDING,
PAIR_1376,,,PENDING,
PAIR_1377,,,PENDING,
PAIR_1378,,,PENDING,
PAIR_1379,,,PENDING,
PAIR_1380,,,PENDING,
PAIR_1381,,,PENDING,
PAIR_1382,,,PENDING,
PAIR_1383,,,PENDING,
PAIR_1384,,,PENDING,
PAIR_1385,,,PENDING,
PAIR_1386,,,PENDING,
PAIR_1387,,,PENDING,
PAIR_1388,,,PENDING,
PAIR_1389,,,PENDING,
PAIR_1390,,,PENDING,
PAIR_1391,,,PENDING,
PAIR_1392,,,PENDING,
PAIR_1393,,,PENDING,
PAIR_1394,,,PENDING,
PAIR_1395,,,PENDING,
PAIR_1396,,,PENDING,
PAIR_1397,,,PENDING,
PAIR_1398,,,PENDING,
PAIR_1399,,,PENDING,
PAIR_1400,,,PENDING,
PAIR_1401,,,PENDING,
PAIR_1402,,,PENDING,
PAIR_1403,,,PENDING,
PAIR_1404,,,PENDING,
PAIR_1405,,,PENDING,
PAIR_1406,,,PENDING,
PAIR_1407,,,PENDING,
PAIR_1408,,,PENDING,
PAIR_1409,,,PENDING,
PAIR_1410,,,PENDING,
PAIR_1411,,,PENDING,
PAIR_1412,,,PENDING,
PAIR_1413,,,PENDING,
PAIR_1414,,,PENDING,
PAIR_1415,,,PENDING,
PAIR_1416,,,PENDING,
PAIR_1417,,,PENDING,
PAIR_1418,,,PENDING,
PAIR_1419,,,PENDING,
PAIR_1420,,,PENDING,
PAIR_1421,,,PENDING,
PAIR_1422,,,PENDING,
PAIR_1423,,,PENDING,
PAIR_1424,,,PENDING,
PAIR_1425,,,PENDING,
PAIR_1426,,,PENDING,
PAIR_1427,,,PENDING,
PAIR_1428,,,PENDING,
PAIR_1429,,,PENDING,
PAIR_1430,,,PENDING,
PAIR_1431,,,PENDING,
PAIR_1432,,,PENDING,
PAIR_1433,,,PENDING,
PAIR_1434,,,PENDING,
PAIR_1435,,,PENDING,
PAIR_1436,,,PENDING,
PAIR_1437,,,PENDING,
PAIR_1438,,,PENDING,
PAIR_1439,,,PENDING,
PAIR_1440,,,PENDING,
PAIR_1441,,,PENDING,
PAIR_1442,,,PENDING,
PAIR_1443,,,PENDING,
PAIR_1444,,,PENDING,
PAIR_1445,,,PENDING,
PAIR_1446,,,PENDING,
PAIR_1447,,,PENDING,
PAIR_1448,,,PENDING,
PAIR_1449,,,PENDING,
PAIR_1450,,,PENDING,
PAIR_1451,,,PENDING,
PAIR_1452,,,PENDING,
PAIR_1453,,,PENDING,
PAIR_1454,,,PENDING,
PAIR_1455,,,PENDING,
PAIR_1456,,,PENDING,
PAIR_1457,,,PENDING,
PAIR_1458,,,PENDING,
PAIR_1459,,,PENDING,
PAIR_1460,,,PENDING,
PAIR_1461,,,PENDING,
PAIR_1462,,,PENDING,
PAIR_1463,,,PENDING,
PAIR_1464,,,PENDING,
PAIR_1465,,,PENDING,
PAIR_1466,,,PENDING,
PAIR_1467,,,PENDING,
PAIR_1468,,,PENDING,
PAIR_1469,,,PENDING,
PAIR_1470,,,PENDING,
PAIR_1471,,,PENDING,
PAIR_1472,,,PENDING,
PAIR_1473,,,PENDING,
PAIR_1474,,,PENDING,
PAIR_1475,,,PENDING,
